User,<Rank>,Set 1,Set 2,Set 3,Set 4,Set 5,Duration,Description,Date,Filename,Is on leaderboard?
ideal.intel.analytics,0.8265 (1),0.8187 (4),0.9630 (2),0.9038 (2),0.6046 (4),2.99 (377),2.60 (1),"Submission 24, cadata from 19, adults from 20, digits shrinkage=0.01, 15 iterations",2015-02-12 11:17:01+00:00,submission_ideal_data31.zip,True
ideal.intel.analytics,0.8265 (1),0.8187 (4),0.9625 (3),0.9038 (2),0.6046 (4),2.92 (407),2.80 (2),"Submission 24, cadata from 19, adults from 20",2015-02-11 10:38:58+00:00,submission_ideal_data28.zip,False
ideal.intel.analytics,0.8265 (1),0.8169 (5),0.9625 (3),0.9038 (2),0.6046 (4),3.02 (303),3.00 (3),"cadata var adjust rate 0.05, shrinkage 0.01, 10k iterations",2015-02-11 11:11:09+00:00,submission_ideal_data29.zip,False
ideal.intel.analytics,0.8265 (1),0.8164 (7),0.9625 (3),0.9038 (2),0.6046 (4),3.01 (352),3.40 (4),"Submission 24 as base, custom model for cadata, submission 20 for adult",2015-02-11 10:15:10+00:00,submission_ideal_data27.zip,False
ideal.intel.analytics,0.8265 (1),0.8160 (8),0.9625 (3),0.9038 (2),0.6046 (4),2.85 (455),3.60 (5),"cadata var adjust rate 0.05, shrinkage 0.01, 15k iterations",2015-02-12 07:32:34+00:00,submission_ideal_data30.zip,False
ideal.intel.analytics,0.8239 (7),0.8187 (4),0.9614 (6),0.8894 (3),0.6091 (1),2.94 (394),4.20 (6),"DFS, learning rate = 0.1",2015-01-13 18:28:26+00:00,submission_ideal_data19.zip,False
ideal.intel.analytics,0.8265 (1),0.8135 (12),0.9625 (3),0.9038 (2),0.6046 (4),3.00 (369),4.40 (7),"submission 24, for adult results from submission 20 are taken",2015-02-03 12:12:38+00:00,submission_ideal_data25.zip,False
igor.chikalov,0.8253 (3),0.8100 (14),0.9567 (8),0.8621 (7),0.6010 (5),3.04 (220),7.40 (8),digits: MART is used,2015-01-12 14:44:59+00:00,submission_ideal_data13.zip,False
igor.chikalov,0.8253 (3),0.8100 (14),0.9567 (8),0.8621 (7),0.6010 (5),2.85 (453),7.40 (8),digits & newspapers: number of iterations is increased to 6000,2015-01-12 16:14:25+00:00,submission_ideal_data14.zip,False
ideal.intel.analytics,0.8253 (3),0.8100 (14),0.9567 (8),0.8621 (7),0.6010 (5),8.24 (99),7.40 (8),MART & DFS for everything,2015-01-13 10:02:45+00:00,submission_ideal_data13.zip,False
ideal.intel.analytics,0.8253 (3),0.8100 (14),0.9567 (8),0.8621 (7),0.6010 (5),7.25 (100),7.40 (8),Learning rate changed to 0.3,2015-01-13 16:01:14+00:00,submission_ideal_data_16.zip,False
ideal.intel.analytics,0.8217 (16),0.8135 (12),0.9625 (3),0.9038 (2),0.6046 (4),3.02 (324),7.40 (8),"DFS, learning rate 0.3",2015-01-13 17:42:03+00:00,submission_ideal_data18.zip,False
ideal.intel.analytics,0.8209 (21),0.8164 (7),0.9625 (3),0.9038 (2),0.6046 (4),2.99 (378),7.40 (8),Custom model for cadata,2015-02-11 10:07:18+00:00,submission_ideal_data26.zip,False
ideal.intel.analytics,0.8209 (21),0.8135 (12),0.9625 (3),0.9038 (2),0.6046 (4),2.85 (454),8.40 (9),"varimp_update_rate=0.3, adult: 3000 iterations, learning rate 0.025",2015-01-15 12:19:35+00:00,submission_ideal_data23.zip,False
ideal.intel.analytics,0.8209 (21),0.8135 (12),0.9625 (3),0.9038 (2),0.6046 (4),3.03 (263),8.40 (9),Sparse data structures are used,2015-01-15 13:42:51+00:00,submission_ideal_data24.zip,False
ideal.intel.analytics,0.8248 (4),0.8011 (18),0.9578 (7),0.8570 (12),0.6075 (2),2.86 (450),8.60 (10),"DFS on, but learning rate = 0",2015-01-14 13:42:44+00:00,submission_ideal_data22.zip,False
ideal.intel.analytics,0.8218 (15),0.8141 (11),0.9623 (4),0.8576 (11),0.6057 (3),2.91 (409),8.80 (11),learning rate = 0.6,2015-01-14 12:49:33+00:00,submission_ideal_data21.zip,False
igor.chikalov,0.8253 (3),0.8100 (14),0.9483 (17),0.8621 (7),0.6010 (5),2.85 (456),9.20 (12),Hand tuned model for cadata,2015-01-12 11:58:09+00:00,submission_ideal_data11.zip,False
igor.chikalov,0.8253 (3),0.8100 (14),0.9483 (17),0.8621 (7),0.6010 (5),2.99 (376),9.20 (12),digits: recalculate split weight on OOB samples,2015-01-12 14:21:54+00:00,submission_ideal_data12.zip,False
ideal.intel.analytics,0.8210 (20),0.8100 (14),0.9621 (5),0.8613 (8),0.5941 (6),3.01 (330),10.60 (13),+Dynamic Feature Selection,2015-01-13 17:05:38+00:00,submission_ideal_data_17.zip,False
igor.chikalov,0.8253 (3),0.7894 (40),0.9567 (8),0.8621 (7),0.6010 (5),2.86 (452),12.60 (14),varimp_adjust_rate = 0.3,2015-01-12 16:57:31+00:00,submission_ideal_data15.zip,False
ideal.intel.analytics,0.8265 (1),0.8011 (19),0.9614 (6),0.8014 (39),0.6091 (1),18.39 (95),13.20 (15),"adults, cadata, dorothea: MART with all features is used",2015-01-14 12:20:21+00:00,submission_ideal_data20.zip,False
aad_freiburg,0.8166 (33),0.8169 (6),0.9716 (1),0.8570 (12),0.4215 (14),3.23 (128),13.20 (15),,2015-02-13 18:15:36+00:00,aad_freiburg-35-input.zip,False
igor.chikalov,0.8253 (3),0.7894 (40),0.9483 (17),0.8621 (7),0.6010 (5),2.90 (422),14.40 (16),"3000 iterations, learning rate=0.025",2015-01-09 19:27:11+00:00,submission_ideal_data10.zip,False
aad_freiburg,0.8166 (33),0.8029 (16),0.9716 (1),0.8570 (12),0.4215 (14),3.27 (123),15.20 (17),,2015-02-12 09:28:25+00:00,aad_freiburg-31-input.zip,False
igor.chikalov,0.8253 (3),0.7884 (46),0.9484 (16),0.8716 (5),0.5545 (7),2.99 (375),15.40 (18),"newsgroups = MART(binary, 0.05), cadata = MART(0.05), binary classs = MART(1000, 0.05), multiclass = RF(1000)",2015-01-03 15:13:47+00:00,submission_ideal_data9.zip,False
aad_freiburg,0.8194 (25),0.8029 (16),0.9502 (11),0.8570 (12),0.4215 (14),3.28 (122),15.60 (19),,2015-02-12 09:10:33+00:00,aad_freiburg-31-input.zip,False
john.smith.machine,0.8258 (2),0.8211 (1),0.9557 (9),0.8366 (22),0.3483 (58),3.05 (200),18.40 (20),,2015-02-13 18:19:31+00:00,Final_submission.zip,False
asml.intel.com,0.8258 (2),0.8211 (1),0.9557 (9),0.8366 (22),0.3483 (58),3.04 (233),18.40 (20),,2015-02-13 18:29:49+00:00,FinalSubmission.zip,True
abhishek4,0.8192 (28),0.7947 (30),0.9420 (22),0.8502 (15),0.4520 (12),3.01 (351),21.40 (21),,2015-01-10 16:07:26+00:00,11.zip,True
aad_freiburg,0.8194 (25),0.8029 (16),0.9418 (23),0.8075 (37),0.4215 (14),3.31 (119),23.00 (22),,2015-01-22 15:04:59+00:00,submission.zip,False
aad_freiburg,0.8194 (25),0.8029 (16),0.9418 (23),0.8075 (37),0.4215 (14),14.27 (96),23.00 (22),,2015-01-23 10:23:31+00:00,submission_results.zip,False
abhishek4,0.8198 (22),0.7947 (30),0.8738 (43),0.8505 (13),0.4536 (11),3.07 (155),23.80 (23),,2015-01-09 17:23:34+00:00,res5.zip,False
abhishek4,0.8197 (23),0.7947 (30),0.8738 (43),0.8378 (21),0.5062 (9),2.93 (396),25.20 (24),,2015-01-09 12:30:00+00:00,res4.zip,False
abhishek4,0.8197 (23),0.7947 (30),0.8738 (43),0.8341 (24),0.5062 (9),3.04 (237),25.80 (25),,2015-01-09 15:15:35+00:00,res5.zip,False
john.smith.machine,0.8258 (2),0.8203 (2),0.9557 (9),0.8366 (22),0.0015 (100),3.05 (199),27.00 (26),,2015-02-11 10:51:21+00:00,john.smith.machine.zip,False
john.smith.machine,0.8211 (19),0.8211 (1),0.8740 (42),0.8158 (33),0.3498 (52),1203.37 (23),29.40 (27),,2015-02-13 14:23:38+00:00,sample_result_submission_15.zip,False
igor.chikalov,0.8253 (3),0.7861 (51),0.9481 (18),0.8608 (9),0.3099 (75),3.01 (339),31.20 (28),"cadata, lr = 0.02, classification = MART(1000), newsgroups binary MART(1000)",2015-01-03 14:32:42+00:00,submission_ideal_data7.zip,False
aad_freiburg,0.8194 (25),0.8029 (16),0.9418 (23),0.8570 (12),0.2777 (80),3.67 (114),31.20 (28),,2015-02-06 08:42:43+00:00,submission.zip,False
igor.chikalov,0.8253 (3),0.7884 (46),0.9484 (16),0.8716 (5),0.0488 (90),19.99 (94),32.00 (29),"cadata lr = 0.05, newsgroups = binary MART(lr =0.05), bin classification = MART(0.5,1000), classification = RF(1000)",2015-01-03 14:46:48+00:00,submission_ideal_data8.zip,False
abhishek4,0.8163 (39),0.7948 (29),0.8738 (43),0.8382 (20),0.3520 (36),3.07 (156),33.40 (30),,2015-01-08 18:50:03+00:00,Archive.zip,False
aad_freiburg,0.8195 (24),0.8028 (17),0.9100 (34),0.8362 (23),0.3209 (73),3.65 (116),34.20 (31),,2015-01-13 12:29:29+00:00,submission.zip,False
john.smith.machine,0.8258 (2),0.8203 (2),0.8712 (47),0.8366 (22),0.0015 (100),3.02 (302),34.60 (32),,2015-02-10 16:07:10+00:00,john.smith.machine.zip,False
Rong,0.8154 (54),0.7894 (41),0.8738 (43),0.8662 (6),0.3520 (36),3.10 (141),36.00 (33),,2015-02-13 06:41:22+00:00,lastrf_svm.zip,True
aad_freiburg,0.8194 (25),0.8029 (16),0.9418 (23),0.8075 (37),0.2777 (80),10.96 (98),36.20 (34),,2015-01-16 14:21:29+00:00,submission.zip,False
aad_freiburg,0.8194 (25),0.8029 (16),0.9418 (23),0.8075 (37),0.1597 (85),3.66 (115),37.20 (35),,2015-01-22 14:20:07+00:00,submission.zip,False
Rong,0.8154 (54),0.7867 (50),0.8738 (43),0.8662 (6),0.3520 (36),3.08 (149),37.80 (36),,2015-02-13 06:30:37+00:00,newrf_svm.zip,False
djajetic,0.8099 (81),0.7890 (42),0.9494 (12),0.7225 (48),0.4543 (10),1182.75 (39),38.60 (37),,2015-02-12 22:35:43+00:00,automl_sample_submission_15-02-12-23-31.zip,True
djajetic,0.8089 (84),0.7887 (43),0.9494 (13),0.7225 (48),0.4543 (10),1182.04 (40),39.60 (38),,2015-02-12 16:13:03+00:00,automl_sample_submission_15-02-12-17-09.zip,False
backstreet.bayes,0.8171 (32),0.7838 (93),0.8738 (43),0.8760 (4),0.3534 (29),120.50 (77),40.20 (39),With submission,2015-02-13 14:30:23+00:00,phase0_submission_15-02-13-14-28-19.zip,True
Rong,0.8154 (54),0.7844 (66),0.8738 (43),0.8662 (6),0.3520 (36),2.99 (371),41.00 (40),,2015-02-13 06:16:03+00:00,rfsvm1.zip,False
john.smith.machine,0.8258 (2),0.8203 (2),-1.0000 (69),0.8366 (22),-1.0000 (112),2.92 (403),41.40 (41),,2015-02-10 10:36:26+00:00,john.smith.machine.zip,False
john.smith.machine,0.8192 (27),0.8147 (10),0.9236 (32),0.8098 (36),-0.0011 (103),3.06 (161),41.60 (42),,2015-02-09 14:23:27+00:00,john.smith.machine.zip,False
djajetic,0.8163 (40),0.7847 (59),0.9428 (21),0.7013 (54),0.3521 (35),1147.53 (43),41.80 (43),first t,2015-02-07 17:46:26+00:00,automl_sample_submission_15-02-07-16-01.zip,False
nada,0.8154 (54),0.7841 (76),0.8738 (43),1.0000 (1),0.3520 (36),2.91 (413),42.00 (44),Submission #4: testing the accuracy of AUC script on dorothea dataset,2015-01-30 03:43:26+00:00,nada_129_dorothea_4.zip,False
jose,0.8235 (8),0.7841 (76),0.8738 (43),0.7202 (49),0.3520 (36),3.08 (148),42.40 (45),"Igual que la anterior, pero usando la imputación y dicotomización depurada para los datos Adult.",2015-02-03 17:51:15+00:00,submision_02_02_002.zip,True
jose,0.8229 (11),0.7841 (76),0.8738 (43),0.7202 (49),0.3520 (36),3.04 (240),43.00 (46),Los datos de Dorothea se reducen y se procesan con un Gradient Boosting.,2015-02-03 15:41:41+00:00,submission_02_02_001.zip,False
nada,0.8154 (54),0.7841 (76),0.8738 (43),0.8606 (10),0.3520 (36),3.04 (239),43.80 (47),Submission #6: dorothea data ,2015-01-30 19:47:07+00:00,nada_130_dorothea_6.zip,False
nada,0.8154 (54),0.7841 (76),0.8738 (43),0.8606 (10),0.3520 (36),3.03 (277),43.80 (47),cadata_1,2015-01-30 21:43:51+00:00,nada_130_dorothea_6.zip,False
jose,0.8229 (11),0.7841 (76),0.8738 (43),0.7011 (55),0.3520 (36),3.04 (221),44.20 (48),"En lugar de con RF en tarea 1, se usa boosting",2015-01-30 16:29:18+00:00,submision_31_01_002.zip,False
jrl44,0.8160 (47),0.7843 (73),0.8156 (56),0.8503 (14),0.3529 (31),1241.40 (15),44.20 (48),Trying again,2015-02-13 10:09:10+00:00,phase0_submission_15-02-13-10-07-27.zip,True
john.smith.machine,0.8154 (54),0.7929 (34),0.8738 (43),0.7011 (55),0.3520 (36),3.04 (215),44.40 (49),,2015-01-21 14:04:26+00:00,john.smith.machine.zip,False
john.smith.machine,0.8154 (54),0.7913 (38),0.8738 (43),0.7011 (55),0.3520 (36),2.87 (445),45.20 (50),,2015-01-21 14:09:34+00:00,john.smith.machine.zip,False
jose,0.8211 (18),0.7841 (76),0.8738 (43),0.7011 (55),0.3520 (36),3.01 (345),45.60 (51),,2015-01-30 15:54:45+00:00,submision_31_01_001.zip,False
igor.chikalov,0.8228 (12),0.7744 (109),0.9492 (14),0.8608 (9),0.0627 (88),5.06 (106),46.40 (52),,2015-01-02 08:50:09+00:00,submission_ideal_data5.zip,False
danny7,0.8154 (54),0.7885 (44),0.8738 (43),0.7011 (55),0.3520 (36),3.11 (134),46.40 (52),,2015-02-13 16:30:11+00:00,rf7.zip,True
zaiwei,0.8154 (54),0.7885 (45),0.8738 (43),0.7011 (55),0.3520 (36),3.02 (318),46.60 (53),cadata - 1.3 - RF.zip,2015-02-13 14:20:03+00:00,cadata - 1.3 - RF.zip,True
Muser_Hao,0.8154 (54),0.7876 (47),0.8738 (43),0.7011 (55),0.3520 (36),3.04 (225),47.00 (54),,2015-02-12 17:55:22+00:00,submit.zip,False
Muser_Hao,0.8154 (54),0.7876 (47),0.8738 (43),0.7011 (55),0.3520 (36),3.02 (299),47.00 (54),,2015-02-12 18:31:56+00:00,submit.zip,False
abhishek4,0.8176 (30),0.7947 (30),0.8738 (43),0.8378 (21),-1.0000 (112),3.06 (176),47.20 (55),,2015-01-09 11:17:13+00:00,res3.zip,False
danny7,0.8154 (54),0.7874 (48),0.8738 (43),0.7011 (55),0.3520 (36),3.11 (135),47.20 (55),,2015-02-13 06:04:16+00:00,rf6.zip,False
igor.chikalov,0.8253 (3),0.7384 (131),0.9484 (16),0.8608 (9),0.3030 (78),5.19 (105),47.40 (56),,2015-01-03 14:15:02+00:00,submission_ideal_data6.zip,False
Muser_Hao,0.8154 (54),0.7873 (49),0.8738 (43),0.7011 (55),0.3520 (36),2.86 (449),47.40 (56),,2015-02-13 15:26:43+00:00,try.zip,False
john.smith.machine,0.8104 (80),0.7950 (24),0.8738 (43),0.7011 (55),0.3520 (36),3.03 (254),47.60 (57),,2015-01-22 11:50:45+00:00,john.smith.machine.zip,False
john.smith.machine,0.8096 (82),0.7951 (23),0.8738 (43),0.7011 (55),0.3520 (36),2.87 (444),47.80 (58),,2015-01-22 12:24:09+00:00,john.smith.machine.zip,False
john.smith.machine,0.8241 (6),0.7960 (21),0.9122 (33),0.1187 (71),-0.0530 (109),3.04 (230),48.00 (59),,2015-02-06 12:43:43+00:00,john.smith.machine.zip,False
Rong,0.8154 (54),0.7861 (52),0.8738 (43),0.7011 (55),0.3520 (36),3.00 (368),48.00 (59),,2015-02-12 16:26:24+00:00,007.zip,False
Rong,0.8154 (54),0.7861 (52),0.8738 (43),0.7011 (55),0.3520 (36),2.91 (415),48.00 (59),,2015-02-12 16:50:22+00:00,007.zip,False
Muser_Hao,0.8154 (54),0.7853 (53),0.8738 (43),0.7011 (55),0.3520 (36),2.88 (440),48.20 (60),,2015-02-13 15:32:57+00:00,submit.zip,False
Muser_Hao,0.8154 (54),0.7853 (54),0.8738 (43),0.7011 (55),0.3520 (36),3.03 (271),48.40 (61),,2015-02-12 18:29:54+00:00,submit1.zip,False
john.smith.machine,0.8232 (10),0.7960 (21),0.9122 (33),0.1187 (71),-0.0530 (109),3.01 (343),48.80 (62),,2015-02-06 13:42:12+00:00,john.smith.machine.zip,False
john.smith.machine,0.8234 (9),0.7960 (22),0.9122 (33),0.1187 (71),-0.0530 (109),2.91 (417),48.80 (62),,2015-02-07 15:51:49+00:00,john.smith.machine.zip,False
guyon,0.8165 (35),0.7843 (72),0.8156 (56),0.7005 (59),0.3544 (24),969.79 (46),49.20 (63),new code v1,2015-02-07 07:14:11+00:00,sample_code_submission1.zip,True
john.smith.machine,0.8242 (5),0.8151 (9),-0.0015 (66),0.5803 (61),-0.0241 (105),2.88 (441),49.20 (63),,2015-02-10 07:29:54+00:00,john.smith.machine.zip,False
joyce,0.8152 (59),0.7849 (56),0.8156 (56),0.7011 (55),0.3558 (21),942.80 (61),49.40 (64),,2015-02-12 05:19:52+00:00,3.lasso.zip,False
nada,0.8154 (54),0.7841 (76),0.8738 (43),0.7834 (40),0.3520 (36),3.03 (249),49.80 (65),Submission #2: dorothea data set,2015-01-30 00:38:30+00:00,nada_129_dorothea_2.zip,False
nada,0.8154 (54),0.7841 (76),0.8738 (43),0.7834 (40),0.3520 (36),3.03 (275),49.80 (65),Submission #5: re-submitting the best so far (nada_129_dorothea_2.zip),2015-01-30 03:50:58+00:00,nada_129_dorothea_5.zip,False
Rong,0.8154 (54),0.7844 (66),0.8738 (43),0.7192 (51),0.3520 (36),3.08 (151),50.00 (66),,2015-02-13 05:33:45+00:00,008003.zip,False
nada,0.8154 (54),0.7841 (76),0.8738 (43),0.7669 (43),0.3520 (36),2.89 (430),50.40 (67),Submission #1: for dorothea data set only.,2015-01-29 23:15:07+00:00,nada_129_dorothea.zip,False
nada,0.8154 (54),0.7841 (76),0.8738 (43),0.7582 (45),0.3520 (36),3.03 (269),50.80 (68),Submission #2: 1/29 dorothea data set,2015-01-30 02:34:47+00:00,nada_129_dorothea_3.zip,False
Rong,0.8154 (54),0.7844 (66),0.8738 (43),0.7011 (55),0.3520 (36),3.01 (329),50.80 (68),,2015-02-12 16:48:47+00:00,008.zip,False
wsmath1234,0.8162 (42),0.7847 (58),0.8156 (56),0.7011 (55),0.3507 (45),942.42 (62),51.20 (69),,2015-02-12 20:34:58+00:00,sample_code_submission.zip,True
nada,0.8154 (54),0.7643 (114),0.8738 (43),0.8606 (10),0.3520 (36),2.99 (372),51.40 (70),cadata_2,2015-01-31 00:28:14+00:00,nada_130_cadata_2.zip,True
Rong,0.8154 (54),0.7844 (66),0.8738 (43),0.3697 (63),0.3520 (36),2.88 (436),52.40 (71),,2015-02-13 04:53:19+00:00,008001.zip,False
reference,0.8154 (54),0.7841 (76),0.8738 (43),0.7011 (55),0.3520 (36),2.44 (463),52.80 (72),Result submission,2014-12-09 00:01:38+00:00,sample_result_submission.zip,False
g.cawley,0.8154 (54),0.7841 (76),0.8738 (43),0.7011 (55),0.3520 (36),2.54 (459),52.80 (72),test the sample result submission,2014-12-10 10:16:27+00:00,sample_result_submission.zip,False
cecile.capponi,0.8154 (54),0.7841 (76),0.8738 (43),0.7011 (55),0.3520 (36),2.43 (464),52.80 (72),second trial,2014-12-17 13:53:44+00:00,submission_CC_003.zip,True
reference,0.8154 (54),0.7841 (76),0.8738 (43),0.7011 (55),0.3520 (36),3.03 (268),52.80 (72),New try of version 1.1,2014-12-20 07:46:37+00:00,sample_result_submission.zip,False
nissan.pow,0.8154 (54),0.7841 (76),0.8738 (43),0.7011 (55),0.3520 (36),2.92 (406),52.80 (72),Sample submission,2015-01-03 19:26:24+00:00,sample_result_submission.zip,True
abhishek4,0.8154 (54),0.7841 (76),0.8738 (43),0.7011 (55),0.3520 (36),2.92 (408),52.80 (72),,2015-01-07 12:17:15+00:00,sample_result_submission.zip,False
jana.kludas,0.8154 (54),0.7841 (76),0.8738 (43),0.7011 (55),0.3520 (36),2.95 (388),52.80 (72),,2015-01-15 12:11:17+00:00,sample_result_submission.zip,False
aad_freiburg,0.8194 (25),0.7524 (120),0.9418 (23),0.8362 (23),0.3209 (73),3.28 (120),52.80 (72),,2015-01-16 13:30:13+00:00,submission.zip,False
jose,0.8154 (54),0.7841 (76),0.8738 (43),0.7011 (55),0.3520 (36),3.06 (181),52.80 (72),Primera prueba,2015-01-27 14:43:47+00:00,sample_result_submission.zip,False
wyl,0.8154 (54),0.7841 (76),0.8738 (43),0.7011 (55),0.3520 (36),3.02 (297),52.80 (72),,2015-01-28 02:09:39+00:00,sample_result_submission.zip,False
Rong,0.8154 (54),0.7841 (76),0.8738 (43),0.7011 (55),0.3520 (36),3.06 (168),52.80 (72),,2015-01-31 18:36:50+00:00,sample_result_submission.zip,False
Rong,0.8154 (54),0.7841 (76),0.8738 (43),0.7011 (55),0.3520 (36),3.03 (262),52.80 (72),,2015-01-31 18:54:50+00:00,sample_result_submission.zip,False
starting_kit,0.8154 (54),0.7841 (76),0.8738 (43),0.7011 (55),0.3520 (36),3.07 (152),52.80 (72),,2015-02-02 15:08:20+00:00,sample_result_submission.zip,True
Harveyz,0.8154 (54),0.7841 (76),0.8738 (43),0.7011 (55),0.3520 (36),3.03 (285),52.80 (72),,2015-02-04 16:15:26+00:00,sample_result_submission.zip,False
girldiary,0.8154 (54),0.7841 (76),0.8738 (43),0.7011 (55),0.3520 (36),3.04 (235),52.80 (72),,2015-02-06 16:45:01+00:00,sample_result_submission.zip,False
kevinzhao90,0.8154 (54),0.7841 (76),0.8738 (43),0.7011 (55),0.3520 (36),3.04 (226),52.80 (72),,2015-02-06 19:03:45+00:00,sample_result_submission.zip,False
wyl,0.8154 (54),0.7841 (76),0.8738 (43),0.7011 (55),0.3520 (36),3.06 (164),52.80 (72),,2015-02-06 23:41:39+00:00,stepwise.zip,False
haoyouqu,0.8163 (37),0.7838 (90),0.8156 (56),0.7009 (56),0.3540 (25),966.60 (47),52.80 (72),,2015-02-07 21:37:43+00:00,sample_result002_submission.zip,False
ngthuydiem,0.8154 (54),0.7841 (76),0.8738 (43),0.7011 (55),0.3520 (36),3.00 (357),52.80 (72),test sample result submission,2015-02-08 13:30:50+00:00,sample_result_submission.zip,False
ngthuydiem,0.8154 (54),0.7841 (76),0.8738 (43),0.7011 (55),0.3520 (36),3.04 (228),52.80 (72),,2015-02-08 13:44:33+00:00,sample_result_submission.zip,False
chenjing,0.8154 (54),0.7841 (76),0.8738 (43),0.7011 (55),0.3520 (36),3.03 (264),52.80 (72),test the sample result submission,2015-02-08 20:20:27+00:00,sample_result_submission.zip,False
lakerwsl,0.8154 (54),0.7841 (76),0.8738 (43),0.7011 (55),0.3520 (36),3.01 (346),52.80 (72),test the sample result submission,2015-02-08 22:17:53+00:00,sample_result_submission.zip,False
wchang44,0.8154 (54),0.7841 (76),0.8738 (43),0.7011 (55),0.3520 (36),3.02 (327),52.80 (72),,2015-02-09 00:54:08+00:00,sample_result_submission.zip,False
aiva,0.8154 (54),0.7841 (76),0.8738 (43),0.7011 (55),0.3520 (36),3.05 (206),52.80 (72),,2015-02-09 04:49:41+00:00,sample_result_submission.zip,True
Chansoon,0.8154 (54),0.7841 (76),0.8738 (43),0.7011 (55),0.3520 (36),3.02 (319),52.80 (72),Testing the submit,2015-02-09 16:42:35+00:00,sample_result_submission.zip,False
zaiwei,0.8154 (54),0.7841 (76),0.8738 (43),0.7011 (55),0.3520 (36),3.00 (360),52.80 (72),Sample,2015-02-09 18:34:44+00:00,sample_result_submission.zip,False
cengstrom2,0.8154 (54),0.7841 (76),0.8738 (43),0.7011 (55),0.3520 (36),3.01 (334),52.80 (72),Testing the result submission.,2015-02-09 23:04:20+00:00,sample_result_submission.zip,False
joyce,0.8154 (54),0.7841 (76),0.8738 (43),0.7011 (55),0.3520 (36),3.06 (173),52.80 (72),,2015-02-10 00:18:26+00:00,sample_result_submission.zip,False
GilbertLi,0.8154 (54),0.7841 (76),0.8738 (43),0.7011 (55),0.3520 (36),2.92 (400),52.80 (72),,2015-02-10 03:43:32+00:00,sample_result_submission.zip,False
xsong6,0.8154 (54),0.7841 (76),0.8738 (43),0.7011 (55),0.3520 (36),3.05 (187),52.80 (72),,2015-02-10 15:30:56+00:00,sample_result_submission.zip,False
zzelig,0.8154 (54),0.7841 (76),0.8738 (43),0.7011 (55),0.3520 (36),3.04 (223),52.80 (72),,2015-02-10 15:47:58+00:00,sample_result_submission.zip,True
zongyan,0.8154 (54),0.7841 (76),0.8738 (43),0.7011 (55),0.3520 (36),3.02 (328),52.80 (72),,2015-02-10 15:48:05+00:00,sample_result_submission.zip,False
luyang,0.8154 (54),0.7841 (76),0.8738 (43),0.7011 (55),0.3520 (36),3.04 (241),52.80 (72),,2015-02-10 16:04:11+00:00,sample_result_submission.zip,True
chenjing,0.8154 (54),0.7841 (76),0.8738 (43),0.7011 (55),0.3520 (36),3.05 (209),52.80 (72),,2015-02-10 17:52:43+00:00,sample_result_submission.zip,False
hoho,0.8154 (54),0.7841 (76),0.8738 (43),0.7011 (55),0.3520 (36),3.00 (364),52.80 (72),,2015-02-10 18:03:27+00:00,,False
RUIXIA_LI,0.8154 (54),0.7841 (76),0.8738 (43),0.7011 (55),0.3520 (36),3.02 (300),52.80 (72),,2015-02-10 18:15:47+00:00,sample_result_submission.zip,False
danny7,0.8154 (54),0.7841 (76),0.8738 (43),0.7011 (55),0.3520 (36),3.00 (370),52.80 (72),,2015-02-10 18:17:34+00:00,sample_result_submission.zip,False
Muser_Hao,0.8154 (54),0.7841 (76),0.8738 (43),0.7011 (55),0.3520 (36),3.02 (313),52.80 (72),,2015-02-10 18:31:31+00:00,sample_result_submission.zip,False
Muser_Hao,0.8154 (54),0.7841 (76),0.8738 (43),0.7011 (55),0.3520 (36),3.04 (216),52.80 (72),,2015-02-10 18:32:01+00:00,sample_result_submission.zip,False
danny7,0.8154 (54),0.7841 (76),0.8738 (43),0.7011 (55),0.3520 (36),3.04 (214),52.80 (72),,2015-02-10 19:32:39+00:00,lasso1.zip,False
Minjie_Fan,0.8154 (54),0.7841 (76),0.8738 (43),0.7011 (55),0.3520 (36),3.04 (224),52.80 (72),,2015-02-11 20:39:49+00:00,sample_result_submission.zip,False
moli,0.8154 (54),0.7841 (76),0.8738 (43),0.7011 (55),0.3520 (36),3.03 (267),52.80 (72),,2015-02-11 22:00:19+00:00,sample_result_submission.zip,False
wyl,0.8154 (54),0.7841 (76),0.8738 (43),0.7011 (55),0.3520 (36),3.01 (336),52.80 (72),,2015-02-12 02:34:33+00:00,sample_result_submission.zip,False
HarryLiu,0.8154 (54),0.7841 (76),0.8738 (43),0.7011 (55),0.3520 (36),3.01 (340),52.80 (72),,2015-02-12 04:28:28+00:00,sample_result_submission.zip,False
Ironman,0.8154 (54),0.7841 (76),0.8738 (43),0.7011 (55),0.3520 (36),3.03 (246),52.80 (72),,2015-02-12 15:53:51+00:00,sample_result_submission.zip,True
topshell,0.8154 (54),0.7841 (76),0.8738 (43),0.7011 (55),0.3520 (36),3.04 (213),52.80 (72),test the sample result submission,2015-02-12 17:38:26+00:00,sample_result_submission.zip,True
wsmath1234,0.8154 (54),0.7841 (76),0.8738 (43),0.7011 (55),0.3520 (36),3.03 (265),52.80 (72),,2015-02-12 20:35:11+00:00,sample_result_submission.zip,False
RUIXIA_LI,0.8154 (54),0.7841 (76),0.8738 (43),0.7011 (55),0.3520 (36),3.04 (244),52.80 (72),,2015-02-12 21:56:56+00:00,Archive.zip,False
ChenLi,0.8154 (54),0.7841 (76),0.8738 (43),0.7011 (55),0.3520 (36),3.03 (289),52.80 (72),,2015-02-13 00:41:43+00:00,sample_result_submission.zip,False
justrun,0.8154 (54),0.7841 (76),0.8738 (43),0.7011 (55),0.3520 (36),3.04 (217),52.80 (72),,2015-02-13 01:14:20+00:00,sample_result_submission.zip,False
ChenLi,0.8154 (54),0.7841 (77),0.8738 (43),0.7011 (55),0.3520 (36),3.06 (171),53.00 (73),,2015-02-12 03:18:09+00:00,sample_result_submission.zip,False
ChenLi,0.8154 (54),0.7841 (77),0.8738 (43),0.7011 (55),0.3520 (36),3.05 (193),53.00 (73),,2015-02-12 23:48:47+00:00,sample_result_submission.zip,False
haoyouqu,0.8154 (54),0.7846 (61),0.8156 (56),0.7015 (53),0.3508 (42),950.37 (56),53.20 (74),,2015-02-07 05:15:40+00:00,sample_result001_submission.zip,False
djajetic,0.7992 (103),0.7843 (68),0.9064 (37),0.7200 (50),0.5161 (8),1235.91 (18),53.20 (74),,2015-02-09 21:13:17+00:00,automl_sample_submission_15-02-09-22-09.zip,False
djajetic,0.7958 (106),0.7844 (67),0.9054 (39),0.7227 (47),0.4543 (10),1098.52 (44),53.80 (75),,2015-02-11 12:46:35+00:00,dj4_time2.zip,False
john.smith.machine,0.7213 (119),0.7932 (33),0.8356 (54),0.8158 (33),0.3532 (30),1328.74 (8),53.80 (75),,2015-02-13 05:14:30+00:00,john.smith.machine-200-input.zip,False
Minjie_Fan,0.8154 (54),0.7841 (81),0.8738 (43),0.7011 (55),0.3520 (36),2.92 (399),53.80 (75),,2015-02-13 21:27:10+00:00,555sample_result_submission.zip,False
aad_freiburg,0.8162 (44),0.7524 (120),0.9552 (10),0.8362 (23),0.3209 (73),3.27 (124),54.00 (76),,2015-01-09 15:26:36+00:00,submission.zip,False
matthias.vonrohr,0.8143 (71),0.7839 (86),0.8716 (45),0.7025 (52),0.3638 (17),103.65 (79),54.20 (77),,2015-02-01 15:44:33+00:00,automl_sample_submission_15-02-01-16-26.zip,False
djajetic,0.8135 (74),0.7844 (65),0.9068 (35),-1.0000 (82),0.3807 (15),1185.50 (38),54.20 (77),debug dorothea,2015-02-08 23:26:26+00:00,automl_sample_submission_15-02-09-00-22.zip,False
haoyouqu,0.8154 (53),0.7843 (69),0.8156 (56),0.7009 (56),0.3512 (38),948.67 (58),54.40 (78),,2015-02-12 17:13:53+00:00,sample_result002_submission.zip,True
automl2015,0.8150 (62),0.7839 (88),0.9487 (15),0.8215 (31),0.3046 (77),4.17 (110),54.60 (79),,2014-12-22 21:04:26+00:00,submission.zip,True
joyce,0.8152 (57),0.7841 (78),0.8156 (56),0.7009 (56),0.3537 (26),962.13 (51),54.60 (79),,2015-02-10 02:42:08+00:00,lasso.zip,False
automl2015,0.8217 (17),0.7838 (92),0.8433 (53),0.1160 (72),0.3509 (40),771.93 (73),54.80 (80),,2014-12-15 14:06:32+00:00,submission.zip,False
nada,0.8154 (54),0.7360 (132),0.8738 (43),0.8606 (10),0.3520 (36),2.88 (438),55.00 (81),cadata_1,2015-01-30 21:52:23+00:00,nada_130_cadata_1.zip,False
joyce,0.8158 (51),0.7839 (87),0.8156 (56),0.7009 (56),0.3537 (27),949.90 (57),55.40 (82),,2015-02-10 02:15:00+00:00,ridge.zip,False
jrl44,0.8141 (72),0.7843 (71),0.8156 (56),0.8197 (32),0.3505 (46),1159.51 (42),55.40 (82),,2015-02-12 12:11:09+00:00,phase0_submission_15-02-12-12-06-50.zip,False
Rong,0.8154 (54),0.7844 (66),0.8738 (43),0.0000 (78),0.3520 (36),3.06 (172),55.40 (82),,2015-02-13 05:27:36+00:00,008002.zip,False
reference,0.8163 (38),0.7836 (98),0.8738 (43),0.7009 (56),0.3508 (43),856.10 (69),55.60 (83),Code submission,2014-12-09 00:05:08+00:00,sample_code_submission.zip,False
Rong,0.8154 (54),0.7844 (66),0.8738 (43),-0.0614 (80),0.3520 (36),3.00 (363),55.80 (84),,2015-02-13 04:48:51+00:00,008001.zip,False
john.smith.machine,0.8149 (64),0.8203 (3),-0.0015 (66),0.7794 (42),-0.0241 (105),3.04 (229),56.00 (85),,2015-02-10 04:12:00+00:00,john.smith.machine.zip,False
john.smith.machine,0.8223 (13),0.7835 (100),0.9236 (32),0.8340 (25),-0.0531 (111),3.04 (242),56.20 (86),,2015-02-09 10:01:44+00:00,john.smith.machine.zip,False
john.smith.machine,0.8184 (29),0.7950 (25),0.7883 (58),0.0000 (78),0.0131 (92),2.90 (421),56.40 (87),,2015-01-27 13:03:48+00:00,john.smith.machine.zip,False
wchang44,0.8154 (54),0.7846 (60),0.8156 (56),0.7013 (54),0.3477 (59),933.40 (65),56.60 (88),,2015-02-09 02:41:57+00:00,wes_code_submission.zip,True
backstreet.bayes,0.8148 (65),0.7840 (84),0.8156 (56),0.8328 (27),0.3500 (51),1240.86 (17),56.60 (88),"Freeze thaw, BAC opt, single threaded, no solution",2015-02-13 11:05:25+00:00,phase0_submission_15-02-13-11-03-52.zip,False
automl2015,0.8222 (14),0.7839 (88),0.8433 (53),0.1760 (68),0.3469 (61),769.79 (74),56.80 (89),,2014-12-15 15:06:50+00:00,submission.zip,False
jrl44,0.8152 (58),0.7837 (95),0.8433 (53),0.7009 (56),0.3553 (22),1345.07 (7),56.80 (89),,2015-01-06 13:07:42+00:00,automl_sample_submission_15-01-06-13-06.zip,False
john.smith.machine,0.8223 (13),0.7835 (100),0.9236 (32),0.8282 (28),-0.0531 (111),2.91 (412),56.80 (89),,2015-02-09 07:28:57+00:00,john.smith.machine.zip,False
john.smith.machine,0.8223 (13),0.7835 (100),0.9236 (32),0.8282 (28),-0.0531 (111),3.03 (247),56.80 (89),,2015-02-09 09:42:26+00:00,john.smith.machine.zip,False
john.smith.machine,0.7211 (125),0.7932 (33),0.8356 (54),0.8158 (33),0.3509 (39),1215.20 (21),56.80 (89),,2015-02-12 08:59:28+00:00,sample_result_submission_9.zip,False
automl2015,0.8176 (31),0.7835 (102),0.8738 (43),0.7009 (56),0.3495 (53),867.86 (68),57.00 (90),,2014-12-10 16:46:01+00:00,sample_code_submission.zip,False
k.diou,0.8160 (46),0.7846 (62),0.8156 (56),0.7013 (54),0.3447 (67),953.76 (54),57.00 (90),,2014-12-27 21:47:49+00:00,sample_code_submission.zip,True
GilbertLi,0.8161 (45),0.7846 (63),0.8156 (56),0.7009 (56),0.3448 (66),928.44 (66),57.20 (91),,2015-02-10 03:43:43+00:00,sample_code_submission.zip,True
john.smith.machine,0.8193 (26),0.7950 (28),-0.0319 (68),0.0950 (73),0.0131 (92),3.05 (184),57.40 (92),,2015-01-29 05:40:33+00:00,john.smith.machine.zip,False
john.smith.machine,0.7211 (123),0.7932 (33),0.8356 (54),0.8158 (33),0.3507 (44),1315.93 (9),57.40 (92),,2015-02-12 08:28:24+00:00,sample_result_submission_8.zip,False
john.smith.machine,0.7214 (118),0.8123 (13),0.8356 (54),0.8158 (33),0.3421 (71),1231.89 (19),57.80 (93),,2015-02-13 05:58:09+00:00,john.smith.machine-201-input.zip,False
joyce,0.8154 (54),0.7835 (101),0.8738 (43),0.7011 (55),0.3520 (36),3.04 (232),57.80 (93),,2015-02-13 22:41:48+00:00,23.red2_ranf_mtry.zip,False
joyce,0.8154 (54),0.7835 (101),0.8738 (43),0.7011 (55),0.3520 (36),3.09 (146),57.80 (93),,2015-02-13 22:53:00+00:00,23.red2_ranf_mtry.zip,True
jrl44,0.8159 (49),0.7850 (55),0.8156 (56),-1.0000 (82),0.3502 (48),1266.52 (13),58.00 (94),"No really, this is the BAC experiment",2015-02-12 16:16:21+00:00,phase0_submission_15-02-12-16-14-30.zip,False
abhishek4,0.8153 (56),0.7838 (89),0.8156 (56),0.7009 (56),0.3522 (34),957.84 (52),58.20 (95),,2015-01-09 12:25:58+00:00,res4.zip,False
djajetic,0.8139 (73),0.7840 (83),0.9058 (38),-1.0000 (82),0.3807 (15),1186.01 (37),58.20 (95),,2015-02-08 22:20:01+00:00,automl_sample_submission_15-02-08-23-14.zip,False
Minjie_Fan,0.8154 (54),0.7830 (103),0.8738 (43),0.7011 (55),0.3520 (36),3.06 (182),58.20 (95),,2015-02-13 21:35:00+00:00,sample_result115_submission.zip,True
Anders,0.8154 (54),0.7799 (104),0.8738 (43),0.7011 (55),0.3520 (36),3.00 (367),58.40 (96),,2015-02-09 05:41:01+00:00,sample_result_submission.zip,False
gracekee,0.8154 (54),0.7799 (104),0.8738 (43),0.7011 (55),0.3520 (36),3.03 (259),58.40 (96),,2015-02-09 06:06:41+00:00,sample_result_submission.zip,False
gracekee,0.8154 (54),0.7799 (104),0.8738 (43),0.7011 (55),0.3520 (36),3.07 (159),58.40 (96),,2015-02-09 06:11:46+00:00,sample_result_submission.zip,False
john.smith.machine,0.8223 (13),0.7835 (100),0.9236 (32),0.8098 (36),-0.0531 (111),3.04 (236),58.40 (96),,2015-02-09 10:37:03+00:00,john.smith.machine.zip,False
Anders,0.8154 (54),0.7799 (104),0.8738 (43),0.7011 (55),0.3520 (36),2.90 (425),58.40 (96),,2015-02-10 02:37:07+00:00,sample_result_submission.zip,False
xsong6,0.8152 (60),0.7845 (64),0.8156 (56),0.7007 (58),0.3494 (54),964.53 (49),58.40 (96),,2015-02-10 15:28:19+00:00,sample_code_submission.zip,True
jrl44,0.8144 (68),0.7849 (57),0.8156 (56),0.7009 (56),0.3490 (56),78.56 (90),58.60 (97),,2015-01-06 12:54:14+00:00,automl_sample_submission_15-01-06-12-27.zip,False
joyce,0.8133 (76),0.7840 (82),0.8156 (56),0.7005 (59),0.3561 (20),964.90 (48),58.60 (97),,2015-02-10 03:01:55+00:00,bagging.zip,False
jrl44,0.8162 (43),0.7841 (79),0.8156 (56),-1.0000 (82),0.3522 (33),1258.11 (14),58.60 (97),Slightly better BAC experiment,2015-02-12 16:10:13+00:00,phase0_submission_15-02-12-16-08-14.zip,False
joyce,0.8154 (54),0.7796 (105),0.8738 (43),0.7011 (55),0.3520 (36),3.10 (138),58.60 (97),,2015-02-13 22:51:28+00:00,24.red2_fanf_mtry2.zip,False
aad_freiburg,0.8162 (44),0.7524 (120),0.9100 (34),0.8362 (23),0.3209 (73),3.26 (125),58.80 (98),,2015-01-12 16:06:36+00:00,submission.zip,False
tadej,0.8124 (77),0.7923 (36),0.8156 (56),0.7009 (56),0.3436 (69),1084.38 (45),58.80 (98),,2015-02-04 21:37:49+00:00,automl_sample_submission_15-02-04-19-12.zip,False
gracekee,0.8154 (54),0.7783 (106),0.8738 (43),0.7011 (55),0.3520 (36),3.02 (310),58.80 (98),,2015-02-10 05:01:14+00:00,sample_result_submission.zip,False
gracekee,0.8154 (54),0.7783 (106),0.8738 (43),0.7011 (55),0.3520 (36),3.01 (338),58.80 (98),,2015-02-10 05:30:27+00:00,sample_result_submission.zip,True
jana.kludas,0.8079 (85),0.7841 (76),0.8738 (43),0.7011 (55),0.3520 (36),3.02 (296),59.00 (99),,2015-01-21 11:59:40+00:00,sample_result_submission_v0006.zip,False
Rong,0.8154 (54),0.7767 (108),0.8738 (43),0.7011 (55),0.3520 (36),2.88 (439),59.20 (100),,2015-02-12 16:17:07+00:00,006.zip,False
reference,0.8150 (63),0.7840 (85),0.8156 (56),0.7009 (56),0.3517 (37),957.83 (53),59.40 (101),New try of version 1.1,2014-12-20 07:43:58+00:00,sample_code_submission.zip,True
joyce,0.8160 (48),0.7836 (97),0.8156 (56),0.7009 (56),0.3508 (41),963.49 (50),59.60 (102),,2015-02-10 00:34:09+00:00,cadata.zip,False
joyce,0.8154 (54),0.7728 (110),0.8738 (43),0.7011 (55),0.3520 (36),2.90 (419),59.60 (102),,2015-02-13 22:18:28+00:00,22.red2_ranf.zip,False
wyl,0.8154 (54),0.7842 (74),0.8156 (56),0.7011 (55),0.3475 (60),951.12 (55),59.80 (103),,2015-02-10 04:32:10+00:00,subsetstep05.zip,False
john.smith.machine,0.7212 (122),0.7932 (33),0.8356 (54),0.8158 (33),0.3485 (57),1216.37 (20),59.80 (103),,2015-02-12 14:37:13+00:00,john.smith.machine-101-input.zip,False
jrl44,0.8162 (41),0.7843 (70),0.8156 (56),-1.0000 (82),0.3502 (50),1269.40 (12),59.80 (103),BAC experiment,2015-02-12 15:56:07+00:00,phase0_submission_15-02-12-15-53-49.zip,False
danny7,0.8154 (54),0.7684 (111),0.8738 (43),0.7011 (55),0.3520 (36),3.03 (266),59.80 (103),,2015-02-12 18:03:11+00:00,rf3.zip,False
danny7,0.8154 (54),0.7684 (111),0.8738 (43),0.7011 (55),0.3520 (36),2.92 (401),59.80 (103),,2015-02-12 18:16:51+00:00,rf4.zip,False
danny7,0.8154 (54),0.7684 (111),0.8738 (43),0.7011 (55),0.3520 (36),2.89 (427),59.80 (103),,2015-02-13 05:49:14+00:00,rf5.zip,False
jana.kludas,0.8065 (90),0.7841 (76),0.8738 (43),0.7011 (55),0.3520 (36),3.14 (130),60.00 (104),,2015-01-15 13:22:49+00:00,sample_result_submission_v0004.zip,False
jana.kludas,0.8065 (90),0.7841 (76),0.8738 (43),0.7011 (55),0.3520 (36),3.06 (175),60.00 (104),,2015-01-21 07:34:43+00:00,sample_result_submission_v0004.zip,False
danny7,0.8154 (54),0.7678 (112),0.8738 (43),0.7011 (55),0.3520 (36),3.06 (170),60.00 (104),,2015-02-12 17:56:29+00:00,rf2000.zip,False
kevinzhao90,0.8144 (69),0.7841 (75),0.8156 (56),0.7013 (54),0.3503 (47),947.61 (59),60.20 (105),,2015-02-06 19:03:41+00:00,sample_code_submission.zip,True
zaiwei,0.8154 (54),0.7678 (113),0.8738 (43),0.7011 (55),0.3520 (36),2.90 (423),60.20 (105),cadata - RF - 0.3.zip,2015-02-10 03:10:13+00:00,cadata - RF - 0.3.zip,False
jana.kludas,0.8048 (92),0.7841 (76),0.8738 (43),0.7011 (55),0.3520 (36),3.04 (219),60.40 (106),,2015-01-15 12:34:44+00:00,sample_result_submission_v0003.zip,False
Anders,0.8154 (54),0.7642 (115),0.8738 (43),0.7011 (55),0.3520 (36),3.05 (190),60.60 (107),,2015-02-12 22:11:00+00:00,sample_result_submission.zip,False
jana.kludas,0.8045 (94),0.7841 (76),0.8738 (43),0.7011 (55),0.3520 (36),3.05 (198),60.80 (108),,2015-01-22 11:26:44+00:00,sample_result_submission_v0007.zip,False
z.dai@sheffield.ac.uk,0.8148 (66),0.7836 (99),0.8156 (56),0.7011 (55),0.3537 (28),938.60 (64),60.80 (108),,2015-02-11 11:09:23+00:00,sample_code_submission.zip,False
Rong,0.8154 (54),0.7625 (116),0.8738 (43),0.7011 (55),0.3520 (36),3.01 (344),60.80 (108),,2015-02-11 14:46:04+00:00,005.zip,False
john.smith.machine,0.7212 (122),0.7932 (33),0.8356 (54),0.8158 (33),0.3467 (62),1175.25 (41),60.80 (108),,2015-02-12 15:09:52+00:00,john.smith.machine-102-input.zip,False
john.smith.machine,0.7212 (121),0.7932 (33),0.8356 (54),0.8158 (33),0.3464 (63),1293.94 (10),60.80 (108),,2015-02-12 15:41:27+00:00,john.smith.machine-103-input.zip,False
jana.kludas,0.8043 (95),0.7841 (76),0.8738 (43),0.7011 (55),0.3520 (36),2.87 (443),61.00 (109),,2015-01-22 08:34:45+00:00,sample_result_submission_v0007.zip,False
danny7,0.8154 (54),0.7603 (117),0.8738 (43),0.7011 (55),0.3520 (36),3.01 (350),61.00 (109),,2015-02-12 04:21:13+00:00,ramdomforest2.zip,False
zaiwei,0.8154 (54),0.7589 (118),0.8738 (43),0.7011 (55),0.3520 (36),3.00 (361),61.20 (110),,2015-02-13 00:13:21+00:00,cadata - 1.2 - tunedSVM.zip,False
Anders,0.8154 (54),0.7543 (119),0.8738 (43),0.7011 (55),0.3520 (36),3.07 (157),61.40 (111),,2015-02-12 22:26:51+00:00,sample_result_submission.zip,True
john.smith.machine,0.8135 (75),0.7960 (21),0.9122 (33),0.1187 (71),-0.0530 (109),3.09 (143),61.80 (112),,2015-02-06 13:29:01+00:00,john.smith.machine.zip,False
Anders,0.8154 (54),0.7516 (121),0.8738 (43),0.7011 (55),0.3520 (36),2.87 (447),61.80 (112),,2015-02-12 22:07:43+00:00,sample_result_submission.zip,False
zaiwei,0.8154 (54),0.7496 (122),0.8738 (43),0.7011 (55),0.3520 (36),2.95 (387),62.00 (113),cadata - RF - 0.2.zip,2015-02-10 01:58:13+00:00,cadata - RF - 0.2.zip,False
john.smith.machine,0.7211 (125),0.7932 (33),0.8356 (54),0.8158 (33),0.3451 (65),1188.23 (33),62.00 (113),,2015-02-12 12:42:23+00:00,sample_result_submission_9.zip,False
gracekee,0.8154 (54),0.7483 (123),0.8738 (43),0.7011 (55),0.3520 (36),3.03 (272),62.20 (114),,2015-02-09 05:57:28+00:00,sample_result_submission.zip,False
gracekee,0.8154 (54),0.7483 (123),0.8738 (43),0.7011 (55),0.3520 (36),3.02 (293),62.20 (114),,2015-02-09 06:08:54+00:00,sample_result_submission.zip,False
ngthuydiem,0.8158 (50),0.7837 (96),0.8156 (56),0.7011 (55),0.3492 (55),943.15 (60),62.40 (115),,2015-02-08 13:56:55+00:00,sample_code_submission.zip,True
gracekee,0.8154 (54),0.7480 (124),0.8738 (43),0.7011 (55),0.3520 (36),3.13 (132),62.40 (115),,2015-02-10 05:28:26+00:00,sample_result_submission.zip,False
djajetic,0.8066 (88),0.7895 (39),0.9067 (36),0.0071 (77),0.3263 (72),1187.81 (35),62.40 (115),,2015-02-11 23:39:29+00:00,automl_sample_submission_15-02-12-00-35.zip,False
joyce,0.8154 (54),0.7472 (125),0.8738 (43),0.7011 (55),0.3520 (36),2.91 (411),62.60 (116),,2015-02-11 02:56:04+00:00,Randomforest.zip,False
joyce,0.8154 (54),0.7472 (125),0.8738 (43),0.7011 (55),0.3520 (36),2.92 (405),62.60 (116),,2015-02-12 16:25:59+00:00,6.Randomforest.zip,False
Harveyz,0.8156 (52),0.7841 (80),0.8156 (56),0.7009 (56),0.3429 (70),830.11 (71),62.80 (117),,2015-02-04 16:16:39+00:00,sample_code_submission.zip,False
Rong,0.8154 (54),0.7469 (126),0.8738 (43),0.7011 (55),0.3520 (36),3.05 (203),62.80 (117),,2015-02-10 16:16:11+00:00,004.zip,False
jana.kludas,0.7987 (105),0.7841 (76),0.8738 (43),0.7011 (55),0.3520 (36),3.03 (281),63.00 (118),,2015-01-15 12:15:02+00:00,sample_result_submission_v0002.zip,False
zaiwei,0.8154 (54),0.7450 (127),0.8738 (43),0.7011 (55),0.3520 (36),3.02 (295),63.00 (118),cadata - 1.1 - SVM.zip,2015-02-12 06:30:15+00:00,cadata - 1.1 - SVM.zip,False
joyce,0.8154 (54),0.7408 (128),0.8738 (43),0.7011 (55),0.3520 (36),3.03 (253),63.20 (119),,2015-02-12 16:06:40+00:00,13.red_ranf.zip,False
jana.kludas,0.7954 (107),0.7841 (76),0.8738 (43),0.7011 (55),0.3520 (36),3.00 (365),63.40 (120),,2015-01-21 10:16:02+00:00,sample_result_submission_v0005.zip,False
joyce,0.8154 (54),0.7400 (129),0.8738 (43),0.7011 (55),0.3520 (36),3.02 (301),63.40 (120),,2015-02-13 22:08:27+00:00,21.red_ranf_n600.zip,False
RUIXIA_LI,0.8154 (54),0.7394 (130),0.8738 (43),0.7011 (55),0.3520 (36),3.02 (292),63.60 (121),,2015-02-13 18:59:22+00:00,Archive.zip,True
aad_freiburg,0.8150 (62),0.7839 (88),0.9502 (11),-1.0000 (82),0.3049 (76),3.16 (129),63.80 (122),,2015-01-09 13:26:58+00:00,submission.zip,False
claesenm,0.8112 (79),0.6976 (149),0.8480 (52),0.8332 (26),0.4284 (13),3.02 (309),63.80 (122),,2015-02-08 17:22:34+00:00,predictions_003.zip,True
matthias.vonrohr,0.8051 (91),0.7779 (107),0.8714 (46),0.7007 (58),0.3569 (19),109.50 (78),64.20 (123),,2015-02-01 16:11:51+00:00,automl_sample_submission_15-02-01-16-50.zip,False
g.cawley,0.7459 (112),0.7841 (76),0.8738 (43),0.7011 (55),0.3520 (36),2.44 (462),64.40 (124),Experiment 001 - still trying to get a reasonable result for the adult dataset,2014-12-13 19:37:46+00:00,foo.zip,False
g.cawley,0.7459 (112),0.7841 (76),0.8738 (43),0.7011 (55),0.3520 (36),2.45 (461),64.40 (124),Again testing file format for adult dataset,2014-12-16 10:01:37+00:00,foo.zip,True
joyce,0.8154 (54),0.7194 (134),0.8738 (43),0.7011 (55),0.3520 (36),3.09 (142),64.40 (124),,2015-02-11 03:59:35+00:00,red_guide.zip,False
g.cawley,0.7419 (113),0.7841 (76),0.8738 (43),0.7011 (55),0.3520 (36),2.46 (460),64.60 (125),Experiment001 testing adult dataset,2014-12-13 15:47:41+00:00,foo.zip,False
wyl,0.8154 (54),0.7192 (135),0.8738 (43),0.7011 (55),0.3520 (36),3.26 (126),64.60 (125),,2015-02-13 23:43:46+00:00,ave7.zip,False
automl2015,0.8150 (62),0.7839 (88),0.9487 (15),-1.0000 (82),0.3046 (77),23.94 (93),64.80 (126),,2014-12-22 20:51:13+00:00,submission.zip,False
john.smith.machine,0.7211 (124),0.8070 (15),0.8221 (55),0.8158 (33),0.0031 (97),1622.48 (5),64.80 (126),,2015-02-11 12:48:41+00:00,sample_result_submission_2.zip,False
ylee373,0.8154 (54),0.7125 (136),0.8738 (43),0.7011 (55),0.3520 (36),3.02 (326),64.80 (126),,2015-02-13 04:56:01+00:00,run.zip,True
john.smith.machine,0.8223 (13),0.7835 (100),0.9236 (32),0.1187 (71),-0.0530 (109),2.88 (442),65.00 (127),,2015-02-07 16:26:22+00:00,john.smith.machine.zip,False
HarryLiu,0.8154 (54),0.7119 (137),0.8738 (43),0.7011 (55),0.3520 (36),3.02 (320),65.00 (127),,2015-02-13 21:20:45+00:00,result.zip,True
chenjing,0.8154 (54),0.7113 (138),0.8738 (43),0.7011 (55),0.3520 (36),3.05 (210),65.20 (128),,2015-02-13 04:04:16+00:00,subother.zip,False
john.smith.machine,0.7211 (123),0.7932 (33),0.8356 (54),0.8158 (33),0.1660 (84),942.22 (63),65.40 (129),,2015-02-12 06:37:09+00:00,sample_result_submission_7.zip,False
ChenLi,0.8154 (54),0.7104 (139),0.8738 (43),0.7011 (55),0.3520 (36),3.02 (312),65.40 (129),,2015-02-13 15:01:48+00:00,sample_result_submission.zip,True
claesenm,0.8112 (79),0.6976 (149),0.7547 (61),0.8332 (26),0.4284 (13),3.06 (178),65.60 (130),,2015-02-08 15:53:41+00:00,predictions_002.zip,False
chenjing,0.8154 (54),0.7095 (140),0.8738 (43),0.7011 (55),0.3520 (36),3.05 (183),65.60 (130),,2015-02-12 17:48:22+00:00,submulti.zip,False
chenjing,0.8154 (54),0.7095 (140),0.8738 (43),0.7011 (55),0.3520 (36),3.07 (158),65.60 (130),,2015-02-13 04:11:24+00:00,submulti.zip,True
john.smith.machine,0.8223 (13),0.7835 (100),0.9236 (32),0.0231 (75),-0.0530 (109),3.01 (349),65.80 (131),,2015-02-07 17:32:26+00:00,john.smith.machine.zip,False
lakerwsl,0.8154 (54),0.7094 (141),0.8738 (43),0.7011 (55),0.3520 (36),3.05 (194),65.80 (131),Second try,2015-02-08 22:53:48+00:00,RandomForest.zip,False
jrl44,0.8164 (36),0.7838 (91),0.8156 (56),-1.0000 (82),0.3459 (64),1240.89 (16),65.80 (131),"Freeze thaw, BAC, single thread",2015-02-13 09:37:16+00:00,phase0_submission_15-02-13-09-35-17.zip,False
lakerwsl,0.8154 (54),0.7085 (142),0.8738 (43),0.7011 (55),0.3520 (36),2.93 (398),66.00 (132),First try,2015-02-08 22:45:31+00:00,MARS.zip,False
lakerwsl,0.8154 (54),0.7085 (142),0.8738 (43),0.7011 (55),0.3520 (36),2.88 (432),66.00 (132),Try,2015-02-09 00:55:43+00:00,MARS.zip,True
chenjing,0.8154 (54),0.7059 (143),0.8738 (43),0.7011 (55),0.3520 (36),2.89 (426),66.20 (133),model 4,2015-02-09 01:05:51+00:00,model4.zip,False
chenjing,0.8154 (54),0.7059 (143),0.8738 (43),0.7011 (55),0.3520 (36),3.05 (196),66.20 (133),model 4,2015-02-09 01:30:40+00:00,model4.zip,False
chenjing,0.8154 (54),0.7059 (143),0.8738 (43),0.7011 (55),0.3520 (36),3.04 (227),66.20 (133),,2015-02-12 04:02:10+00:00,model4.zip,False
primachou,0.8154 (54),0.7059 (143),0.8738 (43),0.7011 (55),0.3520 (36),2.92 (402),66.20 (133),,2015-02-12 09:12:37+00:00,model4.zip,False
primachou,0.8154 (54),0.7059 (143),0.8738 (43),0.7011 (55),0.3520 (36),5.20 (104),66.20 (133),,2015-02-12 10:18:04+00:00,model4.zip,True
john.smith.machine,0.8223 (13),0.7835 (100),0.9236 (32),0.0120 (76),-0.0531 (111),3.07 (160),66.40 (134),,2015-02-08 06:32:38+00:00,john.smith.machine.zip,False
wyl,0.8154 (54),0.7035 (144),0.8738 (43),0.7011 (55),0.3520 (36),3.04 (231),66.40 (134),,2015-02-12 02:29:24+00:00,psubstep11.zip,False
wyl,0.8154 (54),0.7035 (145),0.8738 (43),0.7011 (55),0.3520 (36),3.03 (290),66.60 (135),,2015-02-10 04:49:59+00:00,subsetstep06.zip,False
wyl,0.8154 (54),0.7035 (145),0.8738 (43),0.7011 (55),0.3520 (36),3.00 (359),66.60 (135),,2015-02-11 23:36:50+00:00,subsetstep07.zip,False
wyl,0.8154 (54),0.7035 (145),0.8738 (43),0.7011 (55),0.3520 (36),3.13 (131),66.60 (135),,2015-02-11 23:39:34+00:00,subsetstep06.zip,False
wyl,0.8154 (54),0.7035 (145),0.8738 (43),0.7011 (55),0.3520 (36),3.03 (256),66.60 (135),,2015-02-11 23:42:48+00:00,subsetstep08.zip,False
wyl,0.8154 (54),0.7035 (145),0.8738 (43),0.7011 (55),0.3520 (36),3.05 (195),66.60 (135),,2015-02-12 00:09:36+00:00,substep09.zip,False
jana.kludas,0.8042 (96),0.6929 (158),0.9321 (27),0.8481 (16),0.3520 (36),3.03 (252),66.60 (135),,2015-02-13 07:23:59+00:00,sample_result_submission_v3.zip,False
wyl,0.8154 (54),0.7035 (145),0.8738 (43),0.7011 (55),0.3520 (36),3.01 (332),66.60 (135),,2015-02-13 23:22:34+00:00,subsetstep08.zip,False
wyl,0.8154 (54),0.7035 (145),0.8738 (43),0.7011 (55),0.3520 (36),1.01 (469),66.60 (135),,2017-02-21 01:44:39+00:00,subsetstep08.zip,False
wyl,0.8154 (54),0.7035 (145),0.8738 (43),0.7011 (55),0.3520 (36),1.01 (465),66.60 (135),,2017-02-21 02:01:32+00:00,subsetstep08.zip,False
wyl,0.8154 (54),0.7035 (145),0.8738 (43),0.7011 (55),0.3520 (36),3.01 (348),66.60 (135),,2017-02-21 02:01:35+00:00,subsetstep08.zip,True
wyl,0.8154 (54),0.7035 (145),0.8738 (43),0.7011 (55),0.3520 (36),1.01 (467),66.60 (135),,2017-02-21 02:01:36+00:00,subsetstep08.zip,False
wyl,0.8154 (54),0.7035 (145),0.8738 (43),0.7011 (55),0.3520 (36),1.00 (471),66.60 (135),,2017-02-21 02:01:37+00:00,subsetstep08.zip,False
wyl,0.8154 (54),0.7035 (145),0.8738 (43),0.7011 (55),0.3520 (36),1.01 (468),66.60 (135),,2017-02-21 02:01:39+00:00,subsetstep08.zip,False
wyl,0.8154 (54),0.7035 (145),0.8738 (43),0.7011 (55),0.3520 (36),1.01 (466),66.60 (135),,2017-02-21 02:01:40+00:00,subsetstep08.zip,False
wyl,0.8154 (54),0.7035 (145),0.8738 (43),0.7011 (55),0.3520 (36),1.00 (470),66.60 (135),,2017-02-21 02:01:42+00:00,subsetstep08.zip,False
claesenm,0.8112 (79),0.6938 (155),0.7547 (61),0.8332 (26),0.4284 (13),3.02 (294),66.80 (136),,2015-02-08 15:12:25+00:00,predictions_001.zip,False
dstarer,0.8150 (61),0.7838 (94),0.8156 (56),0.7009 (56),0.3446 (68),927.90 (67),67.00 (137),test submit,2015-01-29 14:46:27+00:00,sample_code_submission.zip,True
jana.kludas,0.8042 (96),0.6929 (158),0.9321 (27),0.8425 (18),0.3520 (36),3.05 (191),67.00 (137),,2015-02-13 07:29:12+00:00,sample_result_submission_v3.zip,False
chenjing,0.8154 (54),0.6979 (148),0.8738 (43),0.7011 (55),0.3520 (36),3.02 (308),67.20 (138),model 7,2015-02-10 17:11:37+00:00,model7.zip,False
zaiwei,0.8154 (54),0.6979 (148),0.8738 (43),0.7011 (55),0.3520 (36),2.87 (448),67.20 (138),cadata - Guide (Stepwise) - 0.6.zip,2015-02-11 00:28:51+00:00,cadata - 0.6 - Guide(stepwisel) .zip,False
zongyan,0.8154 (54),0.6979 (148),0.8738 (43),0.7011 (55),0.3520 (36),3.05 (207),67.20 (138),,2015-02-12 22:03:17+00:00,sample_result_submission.zip,False
zongyan,0.8154 (54),0.6979 (148),0.8738 (43),0.7011 (55),0.3520 (36),3.03 (255),67.20 (138),,2015-02-12 22:13:42+00:00,sample_result_submission.zip,True
jana.kludas,0.1652 (127),0.7841 (76),0.8738 (43),0.7011 (55),0.3520 (36),3.99 (111),67.40 (139),,2015-01-21 13:32:11+00:00,sample_result_submission_v0006.zip,False
jana.kludas,0.1370 (128),0.7841 (76),0.8738 (43),0.7011 (55),0.3520 (36),4.52 (107),67.60 (140),,2015-01-21 07:32:52+00:00,sample_result_submission_v0005.zip,False
wyl,0.8154 (54),0.6966 (150),0.8738 (43),0.7011 (55),0.3520 (36),3.02 (321),67.60 (140),,2015-02-12 00:30:30+00:00,substep10nt.zip,False
wyl,0.8154 (54),0.6956 (151),0.8738 (43),0.7011 (55),0.3520 (36),3.07 (154),67.80 (141),,2015-02-06 23:56:21+00:00,stepwise.zip,False
wyl,0.8154 (54),0.6956 (151),0.8738 (43),0.7011 (55),0.3520 (36),3.10 (139),67.80 (141),,2015-02-07 02:45:10+00:00,stepwise05.zip,False
chenjing,0.8154 (54),0.6956 (151),0.8738 (43),0.7011 (55),0.3520 (36),5.91 (103),67.80 (141),model 2,2015-02-09 00:30:33+00:00,model2.zip,False
Anders,0.8154 (54),0.6956 (151),0.8738 (43),0.7011 (55),0.3520 (36),3.03 (274),67.80 (141),,2015-02-09 05:15:07+00:00,sample_result_submission.zip,False
primachou,0.8154 (54),0.6956 (151),0.8738 (43),0.7011 (55),0.3520 (36),3.06 (162),67.80 (141),,2015-02-12 10:00:32+00:00,model5.zip,False
zongyan,0.8154 (54),0.6956 (151),0.8738 (43),0.7011 (55),0.3520 (36),2.95 (390),67.80 (141),,2015-02-12 17:10:39+00:00,sample_result_submission.zip,False
wyl,0.8154 (54),0.6950 (152),0.8738 (43),0.7011 (55),0.3520 (36),2.98 (380),68.00 (142),,2015-02-07 02:07:32+00:00,stepwise.zip,False
john.smith.machine,0.8074 (86),0.7950 (27),0.8736 (44),0.0399 (74),-0.0531 (110),3.06 (179),68.20 (143),,2015-01-29 09:34:48+00:00,john.smith.machine.zip,False
zaiwei,0.8154 (54),0.6945 (153),0.8738 (43),0.7011 (55),0.3520 (36),3.01 (331),68.20 (143),cadata - 0.9 - tunedSVM.zip,2015-02-12 03:41:05+00:00,cadata - 0.9 - tunedSVM.zip,False
Rong,0.8154 (54),0.6938 (154),0.8738 (43),0.7011 (55),0.3520 (36),2.99 (373),68.40 (144),,2015-02-10 17:48:47+00:00,005.zip,False
Rong,0.8154 (54),0.6937 (156),0.8738 (43),0.7011 (55),0.3520 (36),3.02 (316),68.80 (145),,2015-02-10 18:07:36+00:00,006.zip,False
aad_freiburg,0.8123 (78),0.7839 (88),0.9478 (20),-1.0000 (82),0.3046 (77),3.13 (133),69.00 (146),,2015-01-09 09:08:11+00:00,submission.zip,False
john.smith.machine,0.8096 (82),0.7935 (32),0.5191 (63),0.0000 (78),0.0131 (92),3.03 (248),69.40 (147),,2015-01-28 07:48:49+00:00,john.smith.machine.zip,False
wyl,0.8154 (54),0.6906 (159),0.8738 (43),0.7011 (55),0.3520 (36),2.97 (381),69.40 (147),,2015-02-07 00:12:23+00:00,gforest.zip,False
chenjing,0.8154 (54),0.6896 (160),0.8738 (43),0.7011 (55),0.3520 (36),2.89 (431),69.60 (148),model 5,2015-02-09 01:29:08+00:00,model5.zip,False
Anders,0.8154 (54),0.6892 (161),0.8738 (43),0.7011 (55),0.3520 (36),6.65 (102),69.80 (149),,2015-02-09 05:31:41+00:00,sample_result_submission.zip,False
jana.kludas,0.8042 (96),0.6929 (158),0.8738 (43),0.8481 (16),0.3520 (36),3.01 (355),69.80 (149),,2015-02-10 07:35:49+00:00,sample_result_submission_v20.zip,False
zaiwei,0.8154 (54),0.6892 (162),0.8738 (43),0.7011 (55),0.3520 (36),3.02 (291),70.00 (150),cadata - 0.8 - untunedSVM.zip,2015-02-11 18:34:01+00:00,cadata - 0.8 - untunedSVM.zip,False
Anders,0.8154 (54),0.6892 (163),0.8738 (43),0.7011 (55),0.3520 (36),2.97 (382),70.20 (151),,2015-02-09 05:01:28+00:00,sample_result_submission.zip,False
Muser_Hao,0.8154 (54),0.6883 (164),0.8738 (43),0.7011 (55),0.3520 (36),2.96 (385),70.40 (152),,2015-02-10 18:02:27+00:00,submit.zip,False
john.smith.machine,0.8065 (89),0.7950 (27),0.7843 (59),0.1732 (69),-0.0530 (109),3.03 (260),70.60 (153),,2015-01-29 14:19:01+00:00,john.smith.machine.zip,False
chenjing,0.8154 (54),0.6834 (165),0.8738 (43),0.7011 (55),0.3520 (36),3.11 (137),70.60 (153),,2015-02-12 18:01:11+00:00,subfor.zip,False
wyl,0.8154 (54),0.6822 (166),0.8738 (43),0.7011 (55),0.3520 (36),2.94 (395),70.80 (154),,2015-02-11 23:54:30+00:00,gfsubset08.zip,False
chenjing,0.8154 (54),0.6811 (167),0.8738 (43),0.7011 (55),0.3520 (36),2.88 (435),71.00 (155),model 1,2015-02-08 22:43:55+00:00,model1.zip,False
Anders,0.8154 (54),0.6767 (168),0.8738 (43),0.7011 (55),0.3520 (36),3.02 (307),71.20 (156),,2015-02-09 05:46:26+00:00,sample_result_submission.zip,False
Muser_Hao,0.8154 (54),0.6763 (169),0.8738 (43),0.7011 (55),0.3520 (36),3.03 (276),71.40 (157),,2015-02-13 16:05:23+00:00,submit.zip,False
marc.boulle,0.8143 (70),0.6365 (188),0.8633 (48),0.8075 (37),0.3746 (16),2.80 (457),71.80 (158),First attempt,2015-01-12 08:36:13+00:00,submission20150112.zip,False
marc.boulle,0.8143 (70),0.6365 (188),0.8633 (48),0.8075 (37),0.3746 (16),2.63 (458),71.80 (158),First attempt (2),2015-01-12 09:04:36+00:00,submission20150112_2.zip,False
marc.boulle,0.8143 (70),0.6365 (188),0.8633 (48),0.8075 (37),0.3746 (16),3.75 (113),71.80 (158),Final auto with phase 0 results (32),2015-01-28 10:12:16+00:00,submission20150128_3.zip,True
john.smith.machine,0.8045 (93),0.7950 (27),0.7843 (59),0.1187 (71),-0.0530 (109),2.99 (374),71.80 (158),,2015-01-29 14:51:53+00:00,john.smith.machine.zip,False
Muser_Hao,0.8154 (54),0.6657 (171),0.8738 (43),0.7011 (55),0.3520 (36),3.05 (197),71.80 (158),,2015-02-13 16:21:52+00:00,submit.zip,True
john.smith.machine,0.8019 (97),0.7929 (35),0.7883 (58),0.0000 (78),0.0131 (92),3.03 (282),72.00 (159),,2015-01-27 14:44:49+00:00,john.smith.machine.zip,False
Chansoon,0.8154 (54),0.6596 (172),0.8738 (43),0.7011 (55),0.3520 (36),3.01 (333),72.00 (159),Regression Tree with 8,2015-02-11 03:33:35+00:00,tree013.zip,False
john.smith.machine,0.7212 (120),0.7965 (20),0.7752 (60),0.4484 (62),0.0015 (99),1683.90 (3),72.20 (160),,2015-02-11 07:47:57+00:00,sample_result_submission.zip,False
wyl,0.8154 (54),0.6538 (173),0.8738 (43),0.7011 (55),0.3520 (36),3.03 (258),72.20 (160),,2015-02-12 03:44:06+00:00,ols.zip,False
primachou,0.8154 (54),0.6415 (176),0.8738 (43),0.7011 (55),0.3520 (36),2.88 (437),72.80 (161),,2015-02-12 07:51:53+00:00,model3.zip,False
Chansoon,0.8154 (54),0.6413 (177),0.8738 (43),0.7011 (55),0.3520 (36),2.91 (410),73.00 (162),Regression with 8 variables,2015-02-11 03:26:59+00:00,Regression011.zip,False
girldiary,0.8154 (54),0.6413 (177),0.8738 (43),0.7011 (55),0.3520 (36),3.03 (287),73.00 (162),round0,2015-02-13 00:08:12+00:00,result0.zip,True
john.smith.machine,0.8009 (101),0.7919 (37),0.7883 (58),0.0000 (78),0.0131 (92),3.04 (222),73.20 (163),,2015-01-27 14:35:31+00:00,john.smith.machine.zip,False
Chansoon,0.8154 (54),0.6413 (178),0.8738 (43),0.7011 (55),0.3520 (36),3.02 (298),73.20 (163),The second result using BMA,2015-02-10 02:13:34+00:00,BMA002.zip,False
john.smith.machine,0.8234 (9),0.7002 (146),0.9022 (41),0.0000 (78),0.0071 (93),2.89 (428),73.40 (164),,2015-02-10 09:33:28+00:00,john.smith.machine.zip,False
primachou,0.8154 (54),0.6411 (179),0.8738 (43),0.7011 (55),0.3520 (36),3.03 (284),73.40 (164),,2015-02-11 22:35:05+00:00,model2.zip,False
john.smith.machine,0.7884 (109),0.7950 (26),0.5191 (63),0.0000 (78),0.0131 (92),3.03 (280),73.60 (165),,2015-01-28 05:50:05+00:00,john.smith.machine.zip,False
chenjing,0.8154 (54),0.6410 (180),0.8738 (43),0.7011 (55),0.3520 (36),3.03 (261),73.60 (165),model 3,2015-02-09 00:45:23+00:00,model3.zip,False
chenjing,0.8154 (54),0.6410 (180),0.8738 (43),0.7011 (55),0.3520 (36),2.92 (404),73.60 (165),model 6,2015-02-10 15:57:53+00:00,model6.zip,False
zaiwei,0.8154 (54),0.6410 (180),0.8738 (43),0.7011 (55),0.3520 (36),3.03 (273),73.60 (165),cadata - Guide(polynomial) - 0.4,2015-02-10 16:51:18+00:00,cadata - Guide(polynomial) - 0.4.zip,False
chenjing,0.8154 (54),0.6410 (180),0.8738 (43),0.7011 (55),0.3520 (36),2.96 (384),73.60 (165),,2015-02-10 17:41:59+00:00,model8.zip,False
chenjing,0.8154 (54),0.6410 (180),0.8738 (43),0.7011 (55),0.3520 (36),3.03 (286),73.60 (165),,2015-02-12 03:57:05+00:00,subpoly.zip,False
primachou,0.8154 (54),0.6410 (180),0.8738 (43),0.7011 (55),0.3520 (36),3.06 (167),73.60 (165),,2015-02-12 10:16:14+00:00,model6.zip,False
zongyan,0.8154 (54),0.6410 (180),0.8738 (43),0.7011 (55),0.3520 (36),3.02 (306),73.60 (165),,2015-02-12 22:10:55+00:00,sample_result_submission.zip,False
danny7,0.8154 (54),0.6409 (182),0.8738 (43),0.7011 (55),0.3520 (36),2.98 (379),74.00 (166),,2015-02-11 00:29:50+00:00,lasso2.zip,False
Harveyz,0.8154 (54),0.6409 (182),0.8738 (43),0.7011 (55),0.3520 (36),3.05 (205),74.00 (166),,2015-02-12 17:03:00+00:00,attempt_result_submission.zip,True
gracekee,0.8154 (54),0.6409 (183),0.8738 (43),0.7011 (55),0.3520 (36),3.05 (211),74.20 (167),,2015-02-10 04:11:14+00:00,sample_result_submission.zip,False
cengstrom2,0.8154 (54),0.6409 (183),0.8738 (43),0.7011 (55),0.3520 (36),3.02 (322),74.20 (167),Submission 1: 2nd attempt,2015-02-10 18:48:27+00:00,result_submission_001.zip,False
cengstrom2,0.8154 (54),0.6409 (183),0.8738 (43),0.7011 (55),0.3520 (36),3.00 (358),74.20 (167),"Re-submitting first submission, because it had the highest score.",2015-02-12 18:37:29+00:00,result_submission_001.zip,True
primachou,0.8154 (54),0.6409 (184),0.8738 (43),0.7011 (55),0.3520 (36),3.01 (337),74.40 (168),,2015-02-10 15:19:14+00:00,model1.zip,False
primachou,0.8154 (54),0.6409 (184),0.8738 (43),0.7011 (55),0.3520 (36),3.06 (177),74.40 (168),,2015-02-10 15:28:34+00:00,model1.zip,False
jana.kludas,0.8042 (96),0.6929 (158),0.9321 (27),0.8470 (17),0.3192 (74),3.01 (335),74.40 (168),,2015-02-13 22:46:15+00:00,sample_result_submission_v5.zip,False
Rong,0.8154 (54),0.6408 (185),0.8738 (43),0.7011 (55),0.3520 (36),3.04 (243),74.60 (169),,2015-01-31 19:02:22+00:00,8ab7d2ee-510c-41fc-8cca-28bb07ea56bd.zip,False
Chansoon,0.8154 (54),0.6408 (185),0.8738 (43),0.7011 (55),0.3520 (36),2.94 (393),74.60 (169),The first result,2015-02-09 17:19:06+00:00,regression1.zip,False
gracekee,0.8154 (54),0.6408 (185),0.8738 (43),0.7011 (55),0.3520 (36),3.00 (366),74.60 (169),,2015-02-09 21:30:41+00:00,sample_result_submission.zip,False
moli,0.8154 (54),0.6408 (185),0.8738 (43),0.7011 (55),0.3520 (36),3.08 (147),74.60 (169),,2015-02-12 21:43:35+00:00,model2.zip,True
justrun,0.8154 (54),0.6408 (185),0.8738 (43),0.7011 (55),0.3520 (36),3.09 (145),74.60 (169),,2015-02-13 01:22:37+00:00,sample_result_submission.zip,False
jana.kludas,0.8042 (96),0.6929 (158),0.9321 (27),0.8425 (18),0.3192 (74),3.11 (136),74.60 (169),,2015-02-13 11:15:20+00:00,sample_result_submission_v4.zip,False
zaiwei,0.8154 (54),0.6408 (186),0.8738 (43),0.7011 (55),0.3520 (36),2.94 (392),74.80 (170),cadata - LM - 1.0.zip,2015-02-12 06:23:19+00:00,cadata - 1.0 - LM.zip,False
Minjie_Fan,0.8154 (54),0.6408 (186),0.8738 (43),0.7011 (55),0.3520 (36),3.28 (121),74.80 (170),,2015-02-13 20:44:16+00:00,multilinear.zip,False
jana.kludas,0.8045 (94),0.7000 (147),0.8738 (43),0.7011 (55),0.3520 (36),3.23 (127),75.00 (171),,2015-01-23 13:52:24+00:00,sample_result_submission_v0009.zip,False
john.smith.machine,0.7630 (111),0.7945 (31),0.5191 (63),0.0000 (78),0.0131 (92),3.02 (323),75.00 (171),,2015-01-28 08:05:50+00:00,john.smith.machine.zip,False
joyce,0.8154 (54),0.6399 (187),0.8738 (43),0.7011 (55),0.3520 (36),2.96 (383),75.00 (171),,2015-02-12 05:18:04+00:00,11.lasso4.zip,False
cengstrom2,0.8154 (54),0.6331 (189),0.8738 (43),0.7011 (55),0.3520 (36),3.01 (341),75.40 (172),Submission 2,2015-02-10 23:14:04+00:00,result_submission_002.zip,False
zongyan,0.8154 (54),0.6329 (190),0.8738 (43),0.7011 (55),0.3520 (36),3.05 (201),75.60 (173),,2015-02-12 21:59:42+00:00,sample_result_submission.zip,False
zaiwei,0.8154 (54),0.6281 (191),0.8738 (43),0.7011 (55),0.3520 (36),3.06 (165),75.80 (174),cadata - Guide(rF) - 0.5.zip,2015-02-10 17:14:28+00:00,cadata - Guide(rF) - 0.5.zip,False
wyl,0.8154 (54),0.6212 (192),0.8738 (43),0.7011 (55),0.3520 (36),3.07 (153),76.00 (175),,2015-02-07 16:23:21+00:00,bg05.zip,False
jana.kludas,0.8066 (87),0.6476 (175),0.9321 (27),0.8470 (17),0.3192 (74),3.01 (353),76.00 (175),,2015-02-13 23:58:26+00:00,sample_result_submission_v52.zip,False
jana.kludas,0.8066 (87),0.6476 (175),0.9321 (27),0.8470 (17),0.3192 (74),3.01 (354),76.00 (175),,2017-02-21 01:31:23+00:00,sample_result_submission_v52.zip,True
Muser_Hao,0.8154 (54),0.6084 (194),0.8738 (43),0.7011 (55),0.3520 (36),2.89 (429),76.40 (176),,2015-02-13 15:42:15+00:00,submit.zip,False
jana.kludas,0.8045 (94),0.6933 (157),0.8738 (43),0.7011 (55),0.3520 (36),3.02 (317),77.00 (177),,2015-01-26 12:25:16+00:00,sample_result_submission_v10.zip,False
z.dai@sheffield.ac.uk,0.8166 (34),-0.0417 (218),0.8156 (56),0.7013 (54),0.3545 (23),827.36 (72),77.00 (177),,2015-02-11 12:44:48+00:00,sample_submission.zip,True
jana.kludas,0.8045 (94),0.6929 (158),0.8738 (43),0.7011 (55),0.3520 (36),2.88 (434),77.20 (178),,2015-01-26 12:36:47+00:00,sample_result_submission_v10.zip,False
girldiary,0.8154 (54),0.5990 (199),0.8738 (43),0.7011 (55),0.3520 (36),91.25 (83),77.40 (179),result0,2015-02-12 23:50:11+00:00,result0.zip,False
jana.kludas,0.8042 (96),0.6929 (158),0.8738 (43),0.7011 (55),0.3520 (36),3.03 (279),77.60 (180),,2015-01-28 07:55:11+00:00,sample_result_submission_v10.zip,False
cengstrom2,0.8154 (54),0.5944 (201),0.8738 (43),0.7011 (55),0.3520 (36),3.05 (202),77.80 (181),Submission 3,2015-02-12 18:31:27+00:00,result_submission_003.zip,False
joyce,0.8154 (54),0.5866 (202),0.8738 (43),0.7011 (55),0.3520 (36),3.36 (117),78.00 (182),,2015-02-12 16:12:20+00:00,14.red_bagging.zip,False
zhenwen,0.8148 (67),0.6410 (181),0.8156 (56),0.7011 (55),0.3528 (32),1209.23 (22),78.20 (183),,2015-02-11 13:59:52+00:00,sample_submission.zip,True
justrun,0.8154 (54),0.5762 (203),0.8738 (43),0.7011 (55),0.3520 (36),3.05 (204),78.20 (183),,2015-02-13 01:26:15+00:00,sample_result_submission.zip,False
joyce,0.8154 (54),0.5740 (204),0.8738 (43),0.7011 (55),0.3520 (36),3.06 (174),78.40 (184),,2015-02-11 04:16:52+00:00,red_bagging.zip,False
Chansoon,0.8154 (54),0.5550 (205),0.8738 (43),0.7011 (55),0.3520 (36),3.06 (166),78.60 (185),tree with multi-linear,2015-02-11 05:12:59+00:00,tree015.zip,True
chenjing,0.8154 (54),0.5529 (206),0.8738 (43),0.7011 (55),0.3520 (36),3.06 (180),78.80 (186),,2015-02-12 18:08:23+00:00,submedian.zip,False
justrun,0.8154 (54),0.5304 (207),0.8738 (43),0.7011 (55),0.3520 (36),3.04 (234),79.00 (187),,2015-02-13 01:32:03+00:00,sample_result_submission.zip,True
aad_freiburg,-1.0000 (130),0.7839 (88),0.9478 (19),-1.0000 (82),0.3046 (77),3.32 (118),79.20 (188),,2015-01-08 14:22:09+00:00,submission.zip,False
lakerwsl,0.8154 (54),0.5029 (208),0.8738 (43),0.7011 (55),0.3520 (36),3.03 (278),79.20 (188),Third Try,2015-02-08 22:58:36+00:00,RegressionTree.zip,False
lakerwsl,0.8154 (54),0.5029 (208),0.8738 (43),0.7011 (55),0.3520 (36),2.90 (424),79.20 (188),Fourth try,2015-02-09 00:53:13+00:00,GAM.zip,False
aad_freiburg,-1.0000 (130),0.7839 (88),0.9478 (20),-1.0000 (82),0.3046 (77),4.28 (109),79.40 (189),,2015-01-08 15:37:07+00:00,submission.zip,False
jana.kludas,0.8042 (96),0.6929 (158),0.8738 (43),0.3444 (64),0.3520 (36),2.86 (451),79.40 (189),,2015-02-09 16:35:54+00:00,sample_result_submission_v20.zip,False
jana.kludas,0.8045 (94),0.6673 (170),0.8738 (43),0.7011 (55),0.3520 (36),3.03 (250),79.60 (190),,2015-01-22 12:37:03+00:00,sample_result_submission_v0008.zip,False
aad_freiburg,0.7988 (104),0.7257 (133),0.9318 (28),0.7426 (46),0.0782 (87),1187.76 (36),79.60 (190),,2015-01-23 09:32:29+00:00,submission_code.zip,False
RUIXIA_LI,0.8154 (54),0.4339 (211),0.8738 (43),0.7011 (55),0.3520 (36),3.05 (192),79.80 (191),,2015-02-13 07:20:01+00:00,Archive.zip,False
jana.kludas,0.8042 (96),0.6929 (158),0.8738 (43),0.2392 (67),0.3520 (36),3.00 (362),80.00 (192),,2015-02-09 14:51:17+00:00,sample_result_submission_v20.zip,False
jana.kludas,0.8042 (96),0.6929 (158),0.8738 (43),0.2392 (67),0.3520 (36),3.06 (169),80.00 (192),,2015-02-09 15:58:28+00:00,sample_result_submission_v20.zip,False
jana.kludas,0.8042 (96),0.6929 (158),0.8738 (43),0.1677 (70),0.3520 (36),3.03 (251),80.60 (193),,2015-02-09 12:30:10+00:00,sample_result_submission_v2.zip,False
jana.kludas,0.8042 (96),0.6929 (158),0.8738 (43),0.1677 (70),0.3520 (36),3.02 (325),80.60 (193),,2015-02-09 14:30:07+00:00,sample_result_submission_v2.zip,False
claesenm,0.8112 (79),0.6938 (155),0.7547 (61),0.8332 (26),0.1973 (83),3.05 (188),80.80 (194),"Initial tuning with simple models (SVC, SVR, Naive Bayes).
",2015-02-08 13:28:04+00:00,predictions_000.zip,False
moli,0.8154 (54),0.1012 (216),0.8738 (43),0.7011 (55),0.3520 (36),3.06 (163),80.80 (194),,2015-02-11 22:28:28+00:00,model1.zip,False
matthias.vonrohr,0.7884 (110),0.6520 (174),0.8714 (46),0.7009 (57),0.3570 (18),103.61 (80),81.00 (195),,2015-02-01 17:31:29+00:00,automl_sample_submission_15-02-01-17-42.zip,False
matthias.vonrohr,0.7884 (110),0.6520 (174),0.8714 (46),0.7009 (57),0.3570 (18),101.70 (81),81.00 (195),,2015-02-01 17:34:29+00:00,automl_sample_submission_15-02-01-17-42.zip,True
Rong,0.8154 (54),-0.4539 (219),0.8738 (43),0.7011 (55),0.3520 (36),3.03 (257),81.40 (196),,2015-02-10 15:58:52+00:00,003.zip,False
zaiwei,0.8154 (54),-0.6850 (220),0.8738 (43),0.7011 (55),0.3520 (36),4.47 (108),81.60 (197),cadata - 0.7 - SVM.zip,2015-02-11 18:25:52+00:00,cadata - 0.7 - SVM.zip,False
wyl,0.8154 (54),-1.0000 (222),0.8738 (43),0.7011 (55),0.3520 (36),2.88 (433),82.00 (198),,2015-02-07 00:04:00+00:00,gforest.zip,False
zaiwei,0.8154 (54),-1.0000 (222),0.8738 (43),0.7011 (55),0.3520 (36),3.03 (283),82.00 (198),Random Forest on Cadata.data,2015-02-10 01:42:43+00:00,cadata - RF - 0.1.zip,False
primachou,0.8154 (54),-1.0000 (222),0.8738 (43),0.7011 (55),0.3520 (36),3.03 (288),82.00 (198),,2015-02-10 14:06:25+00:00,model1.zip,False
primachou,0.8154 (54),-1.0000 (222),0.8738 (43),0.7011 (55),0.3520 (36),2.93 (397),82.00 (198),,2015-02-10 14:36:54+00:00,model1.zip,False
zongyan,0.8154 (54),-1.0000 (222),0.8738 (43),0.7011 (55),0.3520 (36),3.01 (342),82.00 (198),,2015-02-10 17:01:14+00:00,sample_result_submission.zip,False
Muser_Hao,0.8154 (54),-1.0000 (222),0.8738 (43),0.7011 (55),0.3520 (36),3.04 (212),82.00 (198),,2015-02-10 18:17:03+00:00,submit.zip,False
joyce,0.8154 (54),-1.0000 (222),0.8738 (43),0.7011 (55),0.3520 (36),2.94 (391),82.00 (198),,2015-02-11 03:20:33+00:00,red_lasso.zip,False
joyce,0.8154 (54),-1.0000 (222),0.8738 (43),0.7011 (55),0.3520 (36),2.91 (416),82.00 (198),,2015-02-11 04:09:16+00:00,red2_lasso.zip,False
justrun,0.8154 (54),-1.0000 (222),0.8738 (43),0.7011 (55),0.3520 (36),3.93 (112),82.00 (198),,2015-02-12 02:01:39+00:00,sample_result_submission.zip,False
justrun,0.8154 (54),-1.0000 (222),0.8738 (43),0.7011 (55),0.3520 (36),3.05 (189),82.00 (198),,2015-02-12 02:32:28+00:00,sample_result_submission.zip,False
justrun,0.8154 (54),-1.0000 (222),0.8738 (43),0.7011 (55),0.3520 (36),3.03 (245),82.00 (198),,2015-02-12 03:04:00+00:00,sample_result_submission.zip,False
justrun,0.8154 (54),-1.0000 (222),0.8738 (43),0.7011 (55),0.3520 (36),3.08 (150),82.00 (198),,2015-02-12 03:04:15+00:00,sample_result_submission.zip,False
justrun,0.8154 (54),-1.0000 (222),0.8738 (43),0.7011 (55),0.3520 (36),3.02 (315),82.00 (198),,2015-02-12 03:22:57+00:00,sample_result_submission.zip,False
danny7,0.8154 (54),-1.0000 (222),0.8738 (43),0.7011 (55),0.3520 (36),3.02 (311),82.00 (198),,2015-02-12 04:12:21+00:00,randomforest.zip,False
zaiwei,0.8154 (54),-1.0000 (222),0.8738 (43),0.7011 (55),0.3520 (36),2.90 (418),82.00 (198),cadata - 0.9 - LM.zip,2015-02-12 06:18:57+00:00,cadata - 1.0 - LM.zip,False
primachou,0.8154 (54),-1.0000 (222),0.8738 (43),0.7011 (55),0.3520 (36),3.03 (270),82.00 (198),,2015-02-12 09:06:43+00:00,model4.zip,False
danny7,0.8154 (54),-1.0000 (222),0.8738 (43),0.7011 (55),0.3520 (36),3.09 (144),82.00 (198),,2015-02-12 17:53:42+00:00,rf2000.zip,False
ChenLi,0.8154 (54),-1.0000 (222),0.8738 (43),0.7011 (55),0.3520 (36),3.04 (218),82.00 (198),,2015-02-12 23:54:56+00:00,sample_result_submission.zip,False
ChenLi,0.8154 (54),-1.0000 (222),0.8738 (43),0.7011 (55),0.3520 (36),2.91 (414),82.00 (198),,2015-02-13 00:07:27+00:00,sample_result_submission.zip,False
hoho,0.8154 (54),-1.0000 (222),0.8738 (43),0.7011 (55),0.3520 (36),3.05 (185),82.00 (198),,2015-02-13 04:12:33+00:00,,True
RUIXIA_LI,0.8154 (54),-1.0000 (222),0.8738 (43),0.7011 (55),0.3520 (36),3.04 (238),82.00 (198),,2015-02-13 07:03:50+00:00,Archive.zip,False
Chansoon,0.8154 (54),-1.3574 (223),0.8738 (43),0.7011 (55),0.3520 (36),3.05 (186),82.20 (199),Regression with quadratic and interactions,2015-02-11 04:15:56+00:00,Regression014.zip,False
jana.kludas,0.8042 (96),0.6929 (158),0.8738 (43),-0.0316 (79),0.3520 (36),3.02 (304),82.40 (200),,2015-02-09 14:42:22+00:00,sample_result_submission_v2.zip,False
Muser_Hao,0.8154 (54),-2.2805 (224),0.8738 (43),0.7011 (55),0.3520 (36),3.02 (305),82.40 (200),,2015-02-12 16:07:50+00:00,submit.zip,False
primachou,0.8154 (54),-3.1814 (225),0.8738 (43),0.7011 (55),0.3520 (36),3.00 (356),82.60 (201),,2015-02-10 15:25:53+00:00,model1.zip,False
Muser_Hao,0.8154 (54),-3.1817 (226),0.8738 (43),0.7011 (55),0.3520 (36),2.96 (386),82.80 (202),,2015-02-10 17:53:11+00:00,submit.zip,False
primachou,0.8154 (54),-3.2123 (232),0.8738 (43),0.7011 (55),0.3520 (36),2.95 (389),84.00 (203),,2015-02-10 16:02:08+00:00,model2.zip,False
jana.kludas,0.8045 (94),0.6105 (193),0.8738 (43),0.7011 (55),0.3520 (36),3.05 (208),84.20 (204),,2015-01-23 11:01:13+00:00,sample_result_submission_v0008.zip,False
marc.boulle,0.8143 (70),0.6365 (188),0.8633 (48),0.8075 (37),0.2784 (79),1495.10 (6),84.40 (205),Final auto (27),2015-01-26 13:56:03+00:00,submission20150126_1.zip,False
jana.kludas,0.8045 (94),0.6055 (196),0.8738 (43),0.7011 (55),0.3520 (36),3.10 (140),84.80 (206),,2015-01-22 13:34:22+00:00,sample_result_submission_v0008.zip,False
jana.kludas,0.8045 (94),0.6017 (197),0.8738 (43),0.7011 (55),0.3520 (36),2.90 (420),85.00 (207),,2015-01-22 14:11:29+00:00,sample_result_submission_v0009.zip,False
marc.boulle,0.8143 (70),0.6365 (188),0.8524 (50),0.8075 (37),0.2077 (81),1193.05 (26),85.20 (208),Second auto (25),2015-01-21 08:40:46+00:00,submission20150121_2.zip,False
marc.boulle,0.8143 (70),0.6365 (188),0.8524 (50),0.8075 (37),0.2077 (81),1192.64 (29),85.20 (208),Final auto (29),2015-01-27 14:30:48+00:00,submission20150127_1.zip,False
marc.boulle,0.8143 (70),0.6365 (188),0.8524 (50),0.8075 (37),0.2077 (81),1199.68 (24),85.20 (208),Final auto (30),2015-01-28 08:54:08+00:00,submission20150128_1.zip,False
marc.boulle,0.8143 (70),0.6365 (188),0.8524 (50),0.8075 (37),0.2077 (81),1192.87 (28),85.20 (208),Final auto (31),2015-01-28 09:32:51+00:00,submission20150128_2.zip,False
marc.boulle,0.8143 (70),0.6365 (188),0.8524 (50),0.8075 (37),0.2072 (82),1193.01 (27),85.40 (209),Second auto (24),2015-01-21 07:58:12+00:00,submission20150121_1.zip,False
marc.boulle,0.8143 (70),0.6365 (188),0.8524 (50),0.8075 (37),0.2072 (82),1193.13 (25),85.40 (209),Second auto (26),2015-01-21 10:21:47+00:00,submission20150121_3.zip,False
zhenwen,0.8153 (55),-0.0417 (218),0.8156 (56),0.7011 (55),0.3502 (49),841.64 (70),86.60 (210),,2015-02-11 13:40:42+00:00,sample_submission.zip,False
marc.boulle,0.8143 (70),0.6365 (188),0.7932 (57),0.8120 (35),0.1444 (86),510.02 (75),87.20 (211),First auto (19),2015-01-16 12:46:33+00:00,submission20150116_4.zip,False
aad_freiburg,0.8011 (100),0.4399 (210),0.9315 (29),0.8405 (19),0.0399 (91),1188.57 (31),89.80 (212),,2015-02-13 17:22:37+00:00,submission_auto.zip,False
jana.kludas,0.8045 (94),-3.1821 (228),0.8738 (43),0.7011 (55),0.3520 (36),3.02 (314),91.20 (213),,2015-01-22 11:58:33+00:00,sample_result_submission_v0008.zip,False
aad_freiburg,0.7999 (102),0.6002 (198),0.9366 (26),0.7831 (41),0.0040 (96),1190.42 (30),92.60 (214),,2015-01-14 09:58:51+00:00,submission_55.zip,False
aad_freiburg,0.8090 (83),-0.9254 (221),0.9298 (30),0.8071 (38),0.0052 (94),13.86 (97),93.20 (215),,2015-01-12 17:02:07+00:00,submission_1.zip,False
aad_freiburg,0.8016 (99),0.3478 (212),0.9391 (24),0.8239 (30),-0.0013 (104),1187.99 (34),93.80 (216),,2015-02-13 20:40:46+00:00,submission_31.zip,True
aad_freiburg,0.7108 (126),-0.0329 (217),0.9259 (31),0.8256 (29),0.0569 (89),1188.36 (32),98.40 (217),,2015-02-11 15:27:33+00:00,submission_76.zip,False
tadej,0.8019 (98),-3.1821 (229),0.9376 (25),0.6997 (60),0.0028 (98),1631.21 (4),102.00 (218),,2015-02-10 17:00:38+00:00,automl_sample_submission_15-02-08-14-16.zip,True
tadej,0.7884 (108),0.1556 (213),0.8498 (51),0.7627 (44),0.0014 (101),2393.28 (1),103.40 (219),,2015-02-08 12:09:12+00:00,automl_sample_submission_15-02-07-22-26.zip,False
shiyenshi,0.7417 (114),0.6057 (195),0.8633 (49),0.3204 (65),-0.0482 (106),90.54 (84),105.80 (220),Run longer,2015-01-27 13:06:38+00:00,Archive.zip,False
shiyenshi,0.7417 (114),0.6057 (195),0.8633 (49),0.3204 (65),-0.0482 (106),87.87 (88),105.80 (220),,2015-01-27 13:51:59+00:00,Archive.zip,False
shiyenshi,0.7417 (114),0.6057 (195),0.8633 (49),0.3204 (65),-0.0482 (106),90.01 (85),105.80 (220),,2015-01-27 13:58:38+00:00,automl_my_submission_15-01-27-22-56-22.zip,False
shiyenshi,0.7417 (114),0.6057 (195),0.8633 (49),0.3204 (65),-0.0482 (106),93.46 (82),105.80 (220),,2015-01-28 09:41:35+00:00,automl_my_submission_15-01-28-18-39-55.zip,True
john.smith.machine,0.8045 (93),0.4854 (209),0.8736 (44),0.0000 (78),-0.0531 (111),2.87 (446),107.00 (221),,2015-01-29 07:50:40+00:00,john.smith.machine.zip,False
djajetic,0.7992 (103),0.5955 (200),0.9047 (40),-1.0000 (82),-1.0000 (112),1275.53 (11),107.40 (222),,2015-02-10 22:52:01+00:00,automl_sample_submission_15-02-10-23-46.zip,False
shiyenshi,0.7319 (116),0.1280 (214),0.8633 (49),0.3204 (65),-0.0530 (108),88.19 (87),110.40 (223),Simple Test,2015-01-27 12:33:34+00:00,Archive.zip,False
tadej,0.1126 (129),-3.1821 (230),0.1777 (64),0.8134 (34),0.0041 (95),2116.80 (2),110.40 (223),,2015-02-07 19:58:08+00:00,automl_sample_submission_15-02-07-20-18.zip,False
shiyenshi,0.7417 (114),-1.0000 (222),0.8633 (49),0.3204 (65),-0.0482 (106),88.97 (86),111.20 (224),,2015-01-27 14:27:26+00:00,Archive.zip,False
shiyenshi,0.7417 (114),-1.0000 (222),0.8633 (49),0.3204 (65),-0.0482 (106),69.87 (92),111.20 (224),,2015-01-28 01:53:47+00:00,automl_my_submission_15-01-28-10-50-48.zip,False
shiyenshi,0.7417 (114),-1.0000 (222),0.8633 (49),0.3204 (65),-0.0482 (106),79.27 (89),111.20 (224),,2015-01-28 04:15:55+00:00,automl_my_submission_15-01-28-13-14-27.zip,False
momohuang,0.7323 (115),0.1280 (215),0.7468 (62),0.2910 (66),-0.0529 (107),70.18 (91),113.00 (225),,2015-01-25 02:26:39+00:00,automl_my_submission_15-01-25-10-15.zip,True
matthias.vonrohr,0.7219 (117),-3.1821 (227),-0.0021 (67),-0.1433 (81),-0.0008 (102),248.40 (76),118.80 (226),,2015-02-01 13:55:03+00:00,automl_sample_submission_15-02-01-14-18.zip,False
igor.chikalov,-1.0000 (130),-3.1821 (231),0.0000 (65),0.0000 (78),-0.0531 (111),6.80 (101),123.00 (227),A stub to push the account to the last place,2015-01-13 10:12:52+00:00,submission_ideal_data_zero.zip,True
john.smith.machine,-1.0000 (130),-3.1821 (231),0.0000 (65),0.0000 (78),-0.0531 (111),3.01 (347),123.00 (227),,2015-02-13 18:21:40+00:00,zero.zip,True
